site_name,local_id,site_type,wetland,year,xcoord,ycoord,species,PLANTS,avg_cov,coc,nativity,stress_tol,Notes
RAM #04,R-04,RAM,Great Meadow,2012,563269.1663,4913128.616,Alnus incana,ALIN2,1,2.5,native,1,Great Meadow (MDI) #1
RAM #04,R-04,RAM,Great Meadow,2012,563269.1663,4913128.616,Calamagrostis canadensis,CACA4,5,2.33,native,1,Great Meadow (MDI) #1
RAM #04,R-04,RAM,Great Meadow,2012,563269.1663,4913128.616,Carex lacustris,CALA16,40,4,native,1,Great Meadow (MDI) #1
RAM #04,R-04,RAM,Great Meadow,2012,563269.1663,4913128.616,Carex lasiocarpa,CALA11,1,6,native,0,Great Meadow (MDI) #1
RAM #04,R-04,RAM,Great Meadow,2012,563269.1663,4913128.616,Carex stricta,CAST8,10,4.5,native,0,Great Meadow (MDI) #1
RAM #04,R-04,RAM,Great Meadow,2012,563269.1663,4913128.616,Chamaedaphne calyculata,CHCA2,1,5.5,native,0,Great Meadow (MDI) #1
RAM #04,R-04,RAM,Great Meadow,2012,563269.1663,4913128.616,Juncus canadensis,JUCA3,0.1,3.5,native,1,Great Meadow (MDI) #1
RAM #04,R-04,RAM,Great Meadow,2012,563269.1663,4913128.616,Myrica gale,MYGA,10,5,native,0,Great Meadow (MDI) #1
RAM #04,R-04,RAM,Great Meadow,2012,563269.1663,4913128.616,Rhamnus frangula,RHFR,1,0,non-native,0,Great Meadow (MDI) #1
RAM #04,R-04,RAM,Great Meadow,2012,563269.1663,4913128.616,Salix,SALIX,20,3.13,native,1,Great Meadow (MDI) #1
RAM #04,R-04,RAM,Great Meadow,2012,563269.1663,4913128.616,Scirpus cyperinus,SCCY,0.1,3,native,1,Great Meadow (MDI) #1
RAM #04,R-04,RAM,Great Meadow,2012,563269.1663,4913128.616,Spiraea alba,SPAL2,15,2,native,1,Great Meadow (MDI) #1
RAM #04,R-04,RAM,Great Meadow,2017,563269.1663,4913128.616,Alnus incana ssp. Rugosa,ALINR,7,2.5,native,1,Great Meadow (MDI) #1
RAM #04,R-04,RAM,Great Meadow,2017,563269.1663,4913128.616,Betula populifolia,BEPO,7,2,native,1,Great Meadow (MDI) #1
RAM #04,R-04,RAM,Great Meadow,2017,563269.1663,4913128.616,Calamagrostis canadensis,CACA4,10,2.33,native,1,Great Meadow (MDI) #1
RAM #04,R-04,RAM,Great Meadow,2017,563269.1663,4913128.616,Carex lacustris,CALA16,50,4,native,1,Great Meadow (MDI) #1
RAM #04,R-04,RAM,Great Meadow,2017,563269.1663,4913128.616,Carex lasiocarpa,CALA11,4,6,native,0,Great Meadow (MDI) #1
RAM #04,R-04,RAM,Great Meadow,2017,563269.1663,4913128.616,Carex stricta,CAST8,15,4.5,native,0,Great Meadow (MDI) #1
RAM #04,R-04,RAM,Great Meadow,2017,563269.1663,4913128.616,Chamaedaphne calyculata,CHCA2,7,5.5,native,0,Great Meadow (MDI) #1
RAM #04,R-04,RAM,Great Meadow,2017,563269.1663,4913128.616,Iris versicolor,IRVE2,0.1,3,native,1,Great Meadow (MDI) #1
RAM #04,R-04,RAM,Great Meadow,2017,563269.1663,4913128.616,Lysimachia terrestris,LYTE2,2,3,native,1,Great Meadow (MDI) #1
RAM #04,R-04,RAM,Great Meadow,2017,563269.1663,4913128.616,Myrica gale,MYGA,25,5,native,0,Great Meadow (MDI) #1
RAM #04,R-04,RAM,Great Meadow,2017,563269.1663,4913128.616,Salix petiolaris,SAPE5,10,2,native,1,Great Meadow (MDI) #1
RAM #04,R-04,RAM,Great Meadow,2017,563269.1663,4913128.616,Spiraea alba,SPAL2,10,2,native,1,Great Meadow (MDI) #1
RAM #04,R-04,RAM,Great Meadow,2022,563269.1663,4913128.616,Alnus incana,ALIN2,4,2.5,native,1,Great Meadow (MDI) #1
RAM #04,R-04,RAM,Great Meadow,2022,563269.1663,4913128.616,Betula populifolia,BEPO,5,2,native,1,Great Meadow (MDI) #1
RAM #04,R-04,RAM,Great Meadow,2022,563269.1663,4913128.616,Calamagrostis canadensis,CACA4,6,2.33,native,1,Great Meadow (MDI) #1
RAM #04,R-04,RAM,Great Meadow,2022,563269.1663,4913128.616,Carex lacustris,CALA16,45,4,native,1,Great Meadow (MDI) #1
RAM #04,R-04,RAM,Great Meadow,2022,563269.1663,4913128.616,Carex lasiocarpa,CALA11,8,6,native,0,Great Meadow (MDI) #1
RAM #04,R-04,RAM,Great Meadow,2022,563269.1663,4913128.616,Carex stricta,CAST8,15,4.5,native,0,Great Meadow (MDI) #1
RAM #04,R-04,RAM,Great Meadow,2022,563269.1663,4913128.616,Chamaedaphne calyculata,CHCA2,8,5.5,native,0,Great Meadow (MDI) #1
RAM #04,R-04,RAM,Great Meadow,2022,563269.1663,4913128.616,Iris versicolor,IRVE2,0.1,3,native,1,Great Meadow (MDI) #1
RAM #04,R-04,RAM,Great Meadow,2022,563269.1663,4913128.616,Myrica gale,MYGA,45,5,native,0,Great Meadow (MDI) #1
RAM #04,R-04,RAM,Great Meadow,2022,563269.1663,4913128.616,Salix petiolaris,SAPE5,17,2,native,1,Great Meadow (MDI) #1
RAM #04,R-04,RAM,Great Meadow,2022,563269.1663,4913128.616,Scirpus cyperinus,SCCY,0.1,3,native,1,Great Meadow (MDI) #1
RAM #04,R-04,RAM,Great Meadow,2022,563269.1663,4913128.616,Spiraea alba,SPAL2,20,2,native,1,Great Meadow (MDI) #1
RAM #13,R-13,RAM,Great Meadow,2013,562796.77,4913159.71,Acer rubrum,ACRU,10,2.5,native,1,Great Meadow (MDI) #3
RAM #13,R-13,RAM,Great Meadow,2013,562796.77,4913159.71,Alnus incana,ALIN2,0.1,2.5,native,1,Great Meadow (MDI) #3
RAM #13,R-13,RAM,Great Meadow,2013,562796.77,4913159.71,Betula populifolia,BEPO,1,2,native,1,Great Meadow (MDI) #3
RAM #13,R-13,RAM,Great Meadow,2013,562796.77,4913159.71,Calamagrostis canadensis,CACA4,80,2.33,native,1,Great Meadow (MDI) #3
RAM #13,R-13,RAM,Great Meadow,2013,562796.77,4913159.71,Carex lacustris,CALA16,40,4,native,1,Great Meadow (MDI) #3
RAM #13,R-13,RAM,Great Meadow,2013,562796.77,4913159.71,Carex stricta,CAST8,5,4.5,native,0,Great Meadow (MDI) #3
RAM #13,R-13,RAM,Great Meadow,2013,562796.77,4913159.71,Ilex verticillata,ILVE,5,3,native,1,Great Meadow (MDI) #3
RAM #13,R-13,RAM,Great Meadow,2013,562796.77,4913159.71,Rhamnus frangula,RHFR,0.1,0,non-native,0,Great Meadow (MDI) #3
RAM #13,R-13,RAM,Great Meadow,2013,562796.77,4913159.71,Spiraea alba,SPAL2,2,2,native,1,Great Meadow (MDI) #3
RAM #13,R-13,RAM,Great Meadow,2013,562796.77,4913159.71,Thelypteris palustris,THPA,0.1,4.5,native,0,Great Meadow (MDI) #3
RAM #13,R-13,RAM,Great Meadow,2018,562796.77,4913159.71,Acer rubrum,ACRU,7,2.5,native,1,Great Meadow (MDI) #3
RAM #13,R-13,RAM,Great Meadow,2018,562796.77,4913159.71,Alnus incana,ALIN2,0.1,2.5,native,1,Great Meadow (MDI) #3
RAM #13,R-13,RAM,Great Meadow,2018,562796.77,4913159.71,Betula populifolia,BEPO,0.1,2,native,1,Great Meadow (MDI) #3
RAM #13,R-13,RAM,Great Meadow,2018,562796.77,4913159.71,Calamagrostis canadensis,CACA4,49,2.33,native,1,Great Meadow (MDI) #3
RAM #13,R-13,RAM,Great Meadow,2018,562796.77,4913159.71,Carex lacustris,CALA16,49,4,native,1,Great Meadow (MDI) #3
RAM #13,R-13,RAM,Great Meadow,2018,562796.77,4913159.71,Carex stricta,CAST8,25,4.5,native,0,Great Meadow (MDI) #3
RAM #13,R-13,RAM,Great Meadow,2018,562796.77,4913159.71,Ilex verticillata,ILVE,5,3,native,1,Great Meadow (MDI) #3
RAM #13,R-13,RAM,Great Meadow,2018,562796.77,4913159.71,Lysimachia terrestris,LYTE2,0.1,3,native,1,Great Meadow (MDI) #3
RAM #13,R-13,RAM,Great Meadow,2018,562796.77,4913159.71,Rhamnus frangula,RHFR,0.1,0,non-native,0,Great Meadow (MDI) #3
RAM #13,R-13,RAM,Great Meadow,2018,562796.77,4913159.71,Sparganium,SPARG,0.1,4.5,native,0,Great Meadow (MDI) #3
RAM #13,R-13,RAM,Great Meadow,2018,562796.77,4913159.71,Spiraea alba,SPAL2,5,2,native,1,Great Meadow (MDI) #3
RAM #13,R-13,RAM,Great Meadow,2018,562796.77,4913159.71,Thelypteris palustris,THPA,1,4.5,native,0,Great Meadow (MDI) #3
RAM #19,R-19,RAM,Great Meadow,2013,563192.5027,4912852.235,Calamagrostis canadensis,CACA4,30,2.33,native,1,Great Meadow (MDI) #2
RAM #19,R-19,RAM,Great Meadow,2013,563192.5027,4912852.235,Carex lacustris,CALA16,30,4,native,1,Great Meadow (MDI) #2
RAM #19,R-19,RAM,Great Meadow,2013,563192.5027,4912852.235,Carex lasiocarpa,CALA11,15,6,native,0,Great Meadow (MDI) #2
RAM #19,R-19,RAM,Great Meadow,2013,563192.5027,4912852.235,Carex stricta,CAST8,60,4.5,native,0,Great Meadow (MDI) #2
RAM #19,R-19,RAM,Great Meadow,2013,563192.5027,4912852.235,Chamaedaphne calyculata,CHCA2,0.1,5.5,native,0,Great Meadow (MDI) #2
RAM #19,R-19,RAM,Great Meadow,2013,563192.5027,4912852.235,Glyceria striata,GLST,0.1,3.5,native,1,Great Meadow (MDI) #2
RAM #19,R-19,RAM,Great Meadow,2013,563192.5027,4912852.235,Juncus canadensis,JUCA3,1,3.5,native,1,Great Meadow (MDI) #2
RAM #19,R-19,RAM,Great Meadow,2013,563192.5027,4912852.235,Myrica gale,MYGA,15,5,native,0,Great Meadow (MDI) #2
RAM #19,R-19,RAM,Great Meadow,2013,563192.5027,4912852.235,Salix,SALIX,0.1,3.13,native,1,Great Meadow (MDI) #2
RAM #19,R-19,RAM,Great Meadow,2013,563192.5027,4912852.235,Spiraea alba,SPAL2,0.1,2,native,1,Great Meadow (MDI) #2
RAM #19,R-19,RAM,Great Meadow,2018,563192.5027,4912852.235,Aronia melanocarpa,ARME6,0.1,4.5,native,0,Great Meadow (MDI) #2
RAM #19,R-19,RAM,Great Meadow,2018,563192.5027,4912852.235,Calamagrostis canadensis,CACA4,60,2.33,native,1,Great Meadow (MDI) #2
RAM #19,R-19,RAM,Great Meadow,2018,563192.5027,4912852.235,Carex lacustris,CALA16,6,4,native,1,Great Meadow (MDI) #2
RAM #19,R-19,RAM,Great Meadow,2018,563192.5027,4912852.235,Carex lasiocarpa,CALA11,20,6,native,0,Great Meadow (MDI) #2
RAM #19,R-19,RAM,Great Meadow,2018,563192.5027,4912852.235,Carex stricta,CAST8,10,4.5,native,0,Great Meadow (MDI) #2
RAM #19,R-19,RAM,Great Meadow,2018,563192.5027,4912852.235,Carex utriculata,CAUT,15,5,native,0,Great Meadow (MDI) #2
RAM #19,R-19,RAM,Great Meadow,2018,563192.5027,4912852.235,Chamaedaphne calyculata,CHCA2,1,5.5,native,0,Great Meadow (MDI) #2
RAM #19,R-19,RAM,Great Meadow,2018,563192.5027,4912852.235,Myrica gale,MYGA,12,5,native,0,Great Meadow (MDI) #2
RAM #19,R-19,RAM,Great Meadow,2018,563192.5027,4912852.235,Rhamnus frangula,RHFR,0.1,0,non-native,0,Great Meadow (MDI) #2
RAM #19,R-19,RAM,Great Meadow,2018,563192.5027,4912852.235,Salix,SALIX,0.1,3.13,native,1,Great Meadow (MDI) #2
RAM #19,R-19,RAM,Great Meadow,2018,563192.5027,4912852.235,Scirpus cyperinus,SCCY,0.1,3,native,1,Great Meadow (MDI) #2
RAM #19,R-19,RAM,Great Meadow,2018,563192.5027,4912852.235,Spiraea alba,SPAL2,2,2,native,1,Great Meadow (MDI) #2
RAM #31,R-31,RAM,Gilmore Meadow,2015,558067.2513,4912529.62,Calamagrostis canadensis,CACA4,7,2.33,native,1,Gilmore Meadow
RAM #31,R-31,RAM,Gilmore Meadow,2015,558067.2513,4912529.62,Carex lasiocarpa,CALA11,90,6,native,0,Gilmore Meadow
RAM #31,R-31,RAM,Gilmore Meadow,2015,558067.2513,4912529.62,Carex utriculata,CAUT,2,5,native,0,Gilmore Meadow
RAM #31,R-31,RAM,Gilmore Meadow,2015,558067.2513,4912529.62,Carex utriculata,CAUT,5,5,native,0,Gilmore Meadow
RAM #31,R-31,RAM,Gilmore Meadow,2015,558067.2513,4912529.62,Chamaedaphne calyculata,CHCA2,5,5.5,native,0,Gilmore Meadow
RAM #31,R-31,RAM,Gilmore Meadow,2015,558067.2513,4912529.62,Dulichium arundinaceum,DUAR3,1,5,native,0,Gilmore Meadow
RAM #31,R-31,RAM,Gilmore Meadow,2015,558067.2513,4912529.62,Eriophorum angustifolium,ERAN6,1,6.5,native,0,Gilmore Meadow
RAM #31,R-31,RAM,Gilmore Meadow,2015,558067.2513,4912529.62,Gaylussacia baccata,GABA,3,5,native,0,Gilmore Meadow
RAM #31,R-31,RAM,Gilmore Meadow,2015,558067.2513,4912529.62,Glyceria canadensis,GLCA,0.1,4,native,1,Gilmore Meadow
RAM #31,R-31,RAM,Gilmore Meadow,2015,558067.2513,4912529.62,Juncus acuminatus,JUAC,7,5,native,0,Gilmore Meadow
RAM #31,R-31,RAM,Gilmore Meadow,2015,558067.2513,4912529.62,Juncus acuminatus,JUAC,3,5,native,0,Gilmore Meadow
RAM #31,R-31,RAM,Gilmore Meadow,2015,558067.2513,4912529.62,Lysimachia terrestris,LYTE2,1,3,native,1,Gilmore Meadow
RAM #31,R-31,RAM,Gilmore Meadow,2015,558067.2513,4912529.62,Myrica gale,MYGA,20,5,native,0,Gilmore Meadow
RAM #31,R-31,RAM,Gilmore Meadow,2015,558067.2513,4912529.62,Sparganium americanum,SPAM,1,5,native,0,Gilmore Meadow
RAM #31,R-31,RAM,Gilmore Meadow,2015,558067.2513,4912529.62,Spiraea alba,SPAL2,0.1,2,native,1,Gilmore Meadow
RAM #31,R-31,RAM,Gilmore Meadow,2015,558067.2513,4912529.62,Spiraea tomentosa,SPTO2,1,2.5,native,1,Gilmore Meadow
RAM #31,R-31,RAM,Gilmore Meadow,2015,558067.2513,4912529.62,Triadenum,TRIAD,0.1,6,native,0,Gilmore Meadow
RAM #31,R-31,RAM,Gilmore Meadow,2015,558067.2513,4912529.62,Vaccinium corymbosum,VACO,1,4,native,1,Gilmore Meadow
RAM #31,R-31,RAM,Gilmore Meadow,2020,558067.2513,4912529.62,Calamagrostis canadensis,CACA4,0.1,2.33,native,1,Gilmore Meadow
RAM #31,R-31,RAM,Gilmore Meadow,2020,558067.2513,4912529.62,Carex lasiocarpa,CALA11,70,6,native,0,Gilmore Meadow
RAM #31,R-31,RAM,Gilmore Meadow,2020,558067.2513,4912529.62,Carex stricta,CAST8,0.1,4.5,native,0,Gilmore Meadow
RAM #31,R-31,RAM,Gilmore Meadow,2020,558067.2513,4912529.62,Carex utriculata,CAUT,1,5,native,0,Gilmore Meadow
RAM #31,R-31,RAM,Gilmore Meadow,2020,558067.2513,4912529.62,Chamaedaphne calyculata,CHCA2,12,5.5,native,0,Gilmore Meadow
RAM #31,R-31,RAM,Gilmore Meadow,2020,558067.2513,4912529.62,Gaylussacia baccata,GABA,5,5,native,0,Gilmore Meadow
RAM #31,R-31,RAM,Gilmore Meadow,2020,558067.2513,4912529.62,Juncus canadensis,JUCA3,0.1,3.5,native,1,Gilmore Meadow
RAM #31,R-31,RAM,Gilmore Meadow,2020,558067.2513,4912529.62,Myrica gale,MYGA,40,5,native,0,Gilmore Meadow
RAM #31,R-31,RAM,Gilmore Meadow,2020,558067.2513,4912529.62,Spiraea alba,SPAL2,1,2,native,1,Gilmore Meadow
RAM #31,R-31,RAM,Gilmore Meadow,2020,558067.2513,4912529.62,Spiraea tomentosa,SPTO2,0.1,2.5,native,1,Gilmore Meadow
RAM #31,R-31,RAM,Gilmore Meadow,2020,558067.2513,4912529.62,Typha latifolia,TYLA,2,2,native,1,Gilmore Meadow
RAM #31,R-31,RAM,Gilmore Meadow,2020,558067.2513,4912529.62,Vaccinium macrocarpon,VAMA,2,5,native,0,Gilmore Meadow
NWCA11-R304,GILM,SEN,Gilmore Meadow,2011,558038.9127,4912418.319,ACER RUBRUM,ACRU,0.04,3,native,1,Gilmore Meadow
NWC21-ME-HP304,GILM,SEN,Gilmore Meadow,2021,558038.9127,4912418.319,ACER RUBRUM,ACRU,0.08,3,native,1,Gilmore Meadow
NWCA11-R304,GILM,SEN,Gilmore Meadow,2011,558038.9127,4912418.319,BRASENIA SCHREBERI,BRSC,0.02,5,native,0,Gilmore Meadow
NWCA16-R304,GILM,SEN,Gilmore Meadow,2016,558038.9127,4912418.319,BRASENIA SCHREBERI,BRSC,0.02,5,native,0,Gilmore Meadow
NWC21-ME-HP304,GILM,SEN,Gilmore Meadow,2021,558038.9127,4912418.319,BRASENIA SCHREBERI,BRSC,0.4,5,native,0,Gilmore Meadow
NWCA11-R304,GILM,SEN,Gilmore Meadow,2011,558038.9127,4912418.319,CALAMAGROSTIS CANADENSIS,CACA4,0.84,3,native,1,Gilmore Meadow
NWCA16-R304,GILM,SEN,Gilmore Meadow,2016,558038.9127,4912418.319,CALAMAGROSTIS CANADENSIS,CACA4,0.08,3,native,1,Gilmore Meadow
NWC21-ME-HP304,GILM,SEN,Gilmore Meadow,2021,558038.9127,4912418.319,CALAMAGROSTIS CANADENSIS,CACA4,0.68,3,native,1,Gilmore Meadow
NWCA11-R304,GILM,SEN,Gilmore Meadow,2011,558038.9127,4912418.319,CAREX LASIOCARPA,CALA11,63,6,native,0,Gilmore Meadow
NWCA16-R304,GILM,SEN,Gilmore Meadow,2016,558038.9127,4912418.319,CAREX LASIOCARPA,CALA11,63,6,native,0,Gilmore Meadow
NWC21-ME-HP304,GILM,SEN,Gilmore Meadow,2021,558038.9127,4912418.319,CAREX LASIOCARPA SPP. AMERICANA,CALAA,48.2,6,native,0,Gilmore Meadow
NWCA11-R304,GILM,SEN,Gilmore Meadow,2011,558038.9127,4912418.319,CAREX STRICTA,CAST8,0.44,4,native,1,Gilmore Meadow
NWCA16-R304,GILM,SEN,Gilmore Meadow,2016,558038.9127,4912418.319,CAREX STRICTA,CAST8,0.62,4,native,1,Gilmore Meadow
NWC21-ME-HP304,GILM,SEN,Gilmore Meadow,2021,558038.9127,4912418.319,CAREX STRICTA,CAST8,0.02,4,native,1,Gilmore Meadow
NWCA11-R304,GILM,SEN,Gilmore Meadow,2011,558038.9127,4912418.319,CAREX UTRICULATA,CAUT,1.24,5,native,0,Gilmore Meadow
NWCA16-R304,GILM,SEN,Gilmore Meadow,2016,558038.9127,4912418.319,CAREX UTRICULATA,CAUT,1.46,5,native,0,Gilmore Meadow
NWC21-ME-HP304,GILM,SEN,Gilmore Meadow,2021,558038.9127,4912418.319,CAREX UTRICULATA,CAUT,5.84,5,native,0,Gilmore Meadow
NWCA11-R304,GILM,SEN,Gilmore Meadow,2011,558038.9127,4912418.319,CHAMAEDAPHNE CALYCULATA,CHCA2,5.62,5,native,0,Gilmore Meadow
NWCA16-R304,GILM,SEN,Gilmore Meadow,2016,558038.9127,4912418.319,CHAMAEDAPHNE CALYCULATA,CHCA2,1.42,5,native,0,Gilmore Meadow
NWC21-ME-HP304,GILM,SEN,Gilmore Meadow,2021,558038.9127,4912418.319,CHAMAEDAPHNE CALYCULATA,CHCA2,3.44,5,native,0,Gilmore Meadow
NWCA11-R304,GILM,SEN,Gilmore Meadow,2011,558038.9127,4912418.319,DROSERA INTERMEDIA,DRIN3,0.02,5,native,0,Gilmore Meadow
NWC21-ME-HP304,GILM,SEN,Gilmore Meadow,2021,558038.9127,4912418.319,DROSERA INTERMEDIA,DRIN3,0.04,5,native,0,Gilmore Meadow
NWCA11-R304,GILM,SEN,Gilmore Meadow,2011,558038.9127,4912418.319,DULICHIUM ARUNDINACEUM,DUAR3,8.06,5,native,0,Gilmore Meadow
NWCA16-R304,GILM,SEN,Gilmore Meadow,2016,558038.9127,4912418.319,DULICHIUM ARUNDINACEUM,DUAR3,2.2,5,native,0,Gilmore Meadow
NWC21-ME-HP304,GILM,SEN,Gilmore Meadow,2021,558038.9127,4912418.319,DULICHIUM ARUNDINACEUM,DUAR3,4.82,5,native,0,Gilmore Meadow
NWC21-ME-HP304,GILM,SEN,Gilmore Meadow,2021,558038.9127,4912418.319,ERIOPHORUM TENELLUM,ERTE12,0.06,7,native,0,Gilmore Meadow
NWCA16-R304,GILM,SEN,Gilmore Meadow,2016,558038.9127,4912418.319,ERIOPHORUM VIRGINICUM,ERVI8,0.02,6,native,0,Gilmore Meadow
NWCA11-R304,GILM,SEN,Gilmore Meadow,2011,558038.9127,4912418.319,GALIUM TRIFIDUM,GATR2,0.02,4,native,1,Gilmore Meadow
NWC21-ME-HP304,GILM,SEN,Gilmore Meadow,2021,558038.9127,4912418.319,GALIUM TRIFIDUM,GATR2,0.02,4,native,1,Gilmore Meadow
NWCA11-R304,GILM,SEN,Gilmore Meadow,2011,558038.9127,4912418.319,GLYCERIA CANADENSIS,GLCA,0.06,4,native,1,Gilmore Meadow
NWCA16-R304,GILM,SEN,Gilmore Meadow,2016,558038.9127,4912418.319,GLYCERIA CANADENSIS,GLCA,0.44,4,native,1,Gilmore Meadow
NWC21-ME-HP304,GILM,SEN,Gilmore Meadow,2021,558038.9127,4912418.319,GLYCERIA CANADENSIS,GLCA,0.04,4,native,1,Gilmore Meadow
NWCA16-R304,GILM,SEN,Gilmore Meadow,2016,558038.9127,4912418.319,GLYCERIA STRIATA,GLST,0.02,3,native,1,Gilmore Meadow
NWC21-ME-HP304,GILM,SEN,Gilmore Meadow,2021,558038.9127,4912418.319,HYPERICUM BOREALE,HYBO2,0.02,6,native,0,Gilmore Meadow
NWC21-ME-HP304,GILM,SEN,Gilmore Meadow,2021,558038.9127,4912418.319,HYPERICUM CANADENSE,HYCA7,0.02,5,native,0,Gilmore Meadow
NWC21-ME-HP304,GILM,SEN,Gilmore Meadow,2021,558038.9127,4912418.319,ILEX VERTICILLATA,ILVE,0.02,4,native,1,Gilmore Meadow
NWC21-ME-HP304,GILM,SEN,Gilmore Meadow,2021,558038.9127,4912418.319,IRIS VERSICOLOR,IRVE2,0.02,3,native,1,Gilmore Meadow
NWCA11-R304,GILM,SEN,Gilmore Meadow,2011,558038.9127,4912418.319,JUNCUS ACUMINATUS,JUAC,20.22,5,native,0,Gilmore Meadow
NWCA16-R304,GILM,SEN,Gilmore Meadow,2016,558038.9127,4912418.319,JUNCUS ACUMINATUS,JUAC,0.62,5,native,0,Gilmore Meadow
NWC21-ME-HP304,GILM,SEN,Gilmore Meadow,2021,558038.9127,4912418.319,JUNCUS ACUMINATUS,JUAC,0.62,5,native,0,Gilmore Meadow
NWCA11-R304,GILM,SEN,Gilmore Meadow,2011,558038.9127,4912418.319,JUNCUS BREVICAUDATUS,JUBR4,0.42,3,native,1,Gilmore Meadow
NWCA16-R304,GILM,SEN,Gilmore Meadow,2016,558038.9127,4912418.319,JUNCUS BREVICAUDATUS,JUBR4,0.28,3,native,1,Gilmore Meadow
NWC21-ME-HP304,GILM,SEN,Gilmore Meadow,2021,558038.9127,4912418.319,JUNCUS BREVICAUDATUS,JUBR4,2.8,3,native,1,Gilmore Meadow
NWC21-ME-HP304,GILM,SEN,Gilmore Meadow,2021,558038.9127,4912418.319,LYCOPUS AMERICANUS,LYAM,0.06,3,native,1,Gilmore Meadow
NWCA11-R304,GILM,SEN,Gilmore Meadow,2011,558038.9127,4912418.319,LYSIMACHIA TERRESTRIS,LYTE2,0.02,3,native,1,Gilmore Meadow
NWCA16-R304,GILM,SEN,Gilmore Meadow,2016,558038.9127,4912418.319,LYSIMACHIA TERRESTRIS,LYTE2,0.08,3,native,1,Gilmore Meadow
NWC21-ME-HP304,GILM,SEN,Gilmore Meadow,2021,558038.9127,4912418.319,LYSIMACHIA TERRESTRIS,LYTE2,0.08,3,native,1,Gilmore Meadow
NWCA11-R304,GILM,SEN,Gilmore Meadow,2011,558038.9127,4912418.319,MYRICA GALE,MYGA,35.02,5,native,0,Gilmore Meadow
NWCA16-R304,GILM,SEN,Gilmore Meadow,2016,558038.9127,4912418.319,MYRICA GALE,MYGA,36.6,5,native,0,Gilmore Meadow
NWC21-ME-HP304,GILM,SEN,Gilmore Meadow,2021,558038.9127,4912418.319,MYRICA GALE,MYGA,46.4,5,native,0,Gilmore Meadow
NWCA11-R304,GILM,SEN,Gilmore Meadow,2011,558038.9127,4912418.319,NUPHAR LUTEA SSP. VARIEGATA,NULUV,0.02,4,native,1,Gilmore Meadow
NWCA11-R304,GILM,SEN,Gilmore Meadow,2011,558038.9127,4912418.319,POTAMOGETON EPIHYDRUS,POEP2,0.08,5,native,0,Gilmore Meadow
NWCA16-R304,GILM,SEN,Gilmore Meadow,2016,558038.9127,4912418.319,POTAMOGETON OAKESIANUS,POOA,0.64,7,native,0,Gilmore Meadow
NWC21-ME-HP304,GILM,SEN,Gilmore Meadow,2021,558038.9127,4912418.319,POTAMOGETON OAKESIANUS,POOA,1.44,7,native,0,Gilmore Meadow
NWCA11-R304,GILM,SEN,Gilmore Meadow,2011,558038.9127,4912418.319,RHYNCHOSPORA ALBA,RHAL3,0.02,6,native,0,Gilmore Meadow
NWC21-ME-HP304,GILM,SEN,Gilmore Meadow,2021,558038.9127,4912418.319,RHYNCHOSPORA ALBA,RHAL3,0.2,6,native,0,Gilmore Meadow
NWCA11-R304,GILM,SEN,Gilmore Meadow,2011,558038.9127,4912418.319,SPARGANIUM AMERICANUM,SPAM,7.62,5,native,0,Gilmore Meadow
NWCA16-R304,GILM,SEN,Gilmore Meadow,2016,558038.9127,4912418.319,SPARGANIUM AMERICANUM,SPAM,2.02,5,native,0,Gilmore Meadow
NWC21-ME-HP304,GILM,SEN,Gilmore Meadow,2021,558038.9127,4912418.319,SPARGANIUM AMERICANUM,SPAM,1.2,5,native,0,Gilmore Meadow
NWCA11-R304,GILM,SEN,Gilmore Meadow,2011,558038.9127,4912418.319,SPARGANIUM EMERSUM,SPEM2,0.02,3,native,1,Gilmore Meadow
NWCA16-R304,GILM,SEN,Gilmore Meadow,2016,558038.9127,4912418.319,SPARGANIUM EMERSUM,SPEM2,1.2,3,native,1,Gilmore Meadow
NWC21-ME-HP304,GILM,SEN,Gilmore Meadow,2021,558038.9127,4912418.319,SPARGANIUM EMERSUM,SPEM2,3.2,3,native,1,Gilmore Meadow
NWCA11-R304,GILM,SEN,Gilmore Meadow,2011,558038.9127,4912418.319,SPARGANIUM NATANS,SPNA,0.02,6,native,0,Gilmore Meadow
NWCA11-R304,GILM,SEN,Gilmore Meadow,2011,558038.9127,4912418.319,SPIRAEA ALBA,SPAL2,1.46,3,native,1,Gilmore Meadow
NWCA16-R304,GILM,SEN,Gilmore Meadow,2016,558038.9127,4912418.319,SPIRAEA ALBA,SPAL2,0.26,3,native,1,Gilmore Meadow
NWC21-ME-HP304,GILM,SEN,Gilmore Meadow,2021,558038.9127,4912418.319,SPIRAEA ALBA VAR. LATIFOLIA,SPALL,1.64,3,native,1,Gilmore Meadow
NWCA11-R304,GILM,SEN,Gilmore Meadow,2011,558038.9127,4912418.319,SPIRAEA TOMENTOSA,SPTO2,0.02,4,native,1,Gilmore Meadow
NWC21-ME-HP304,GILM,SEN,Gilmore Meadow,2021,558038.9127,4912418.319,SPIRAEA TOMENTOSA,SPTO2,0.06,4,native,1,Gilmore Meadow
NWCA11-R304,GILM,SEN,Gilmore Meadow,2011,558038.9127,4912418.319,TRIADENUM VIRGINICUM,TRVI2,0.08,6,native,0,Gilmore Meadow
NWCA16-R304,GILM,SEN,Gilmore Meadow,2016,558038.9127,4912418.319,TRIADENUM VIRGINICUM,TRVI2,0.02,6,native,0,Gilmore Meadow
NWC21-ME-HP304,GILM,SEN,Gilmore Meadow,2021,558038.9127,4912418.319,TRIADENUM VIRGINICUM,TRVI2,0.26,6,native,0,Gilmore Meadow
NWCA11-R304,GILM,SEN,Gilmore Meadow,2011,558038.9127,4912418.319,TYPHA LATIFOLIA,TYLA,1,2,native,1,Gilmore Meadow
NWCA16-R304,GILM,SEN,Gilmore Meadow,2016,558038.9127,4912418.319,TYPHA LATIFOLIA,TYLA,2.42,2,native,1,Gilmore Meadow
NWC21-ME-HP304,GILM,SEN,Gilmore Meadow,2021,558038.9127,4912418.319,TYPHA LATIFOLIA,TYLA,2.4,2,native,1,Gilmore Meadow
NWCA16-R304,GILM,SEN,Gilmore Meadow,2016,558038.9127,4912418.319,UTRICULARIA GIBBA,UTGI,0.06,6,native,0,Gilmore Meadow
NWCA16-R304,GILM,SEN,Gilmore Meadow,2016,558038.9127,4912418.319,UTRICULARIA INTERMEDIA,UTIN2,0.04,6,native,0,Gilmore Meadow
NWCA11-R304,GILM,SEN,Gilmore Meadow,2011,558038.9127,4912418.319,VACCINIUM MACROCARPON,VAMA,0.02,5,native,0,Gilmore Meadow
NWCA16-R304,GILM,SEN,Gilmore Meadow,2016,558038.9127,4912418.319,VACCINIUM MACROCARPON,VAMA,0.2,5,native,0,Gilmore Meadow
NWC21-ME-HP304,GILM,SEN,Gilmore Meadow,2021,558038.9127,4912418.319,VACCINIUM MACROCARPON,VAMA,1.04,5,native,0,Gilmore Meadow
NWCA11-R307,GRME,SEN,Great Meadow,2011,530759.5426,4877329.353,ACER RUBRUM,ACRU,0.04,3,native,1,Great Meadow
NWCA16-R307,GRME,SEN,Great Meadow,2016,530759.5426,4877329.353,ACER RUBRUM,ACRU,0.1,3,native,1,Great Meadow
NWC21-ME-HP307,GRME,SEN,Great Meadow,2021,530759.5426,4877329.353,ACER RUBRUM,ACRU,0.08,3,native,1,Great Meadow
NWC21-ME-HP307,GRME,SEN,Great Meadow,2021,530759.5426,4877329.353,ALNUS INCANA SPP. RUGOSA,ALINR,0.02,3,native,1,Great Meadow
NWCA11-R307,GRME,SEN,Great Meadow,2011,530759.5426,4877329.353,ALNUS VIRIDIS,ALVI5,0.02,4,native,1,Great Meadow
NWCA16-R307,GRME,SEN,Great Meadow,2016,530759.5426,4877329.353,ALNUS VIRIDIS,ALVI5,0.02,4,native,1,Great Meadow
NWCA11-R307,GRME,SEN,Great Meadow,2011,530759.5426,4877329.353,ARETHUSA BULBOSA,ARBU,0.28,9,native,0,Great Meadow
NWCA16-R307,GRME,SEN,Great Meadow,2016,530759.5426,4877329.353,ARETHUSA BULBOSA,ARBU,0.1,9,native,0,Great Meadow
NWC21-ME-HP307,GRME,SEN,Great Meadow,2021,530759.5426,4877329.353,ARETHUSA BULBOSA,ARBU,1.4,9,native,0,Great Meadow
NWCA11-R307,GRME,SEN,Great Meadow,2011,530759.5426,4877329.353,ARONIA MELANOCARPA,ARME6,0.08,5,native,0,Great Meadow
NWCA16-R307,GRME,SEN,Great Meadow,2016,530759.5426,4877329.353,ARONIA MELANOCARPA,ARME6,0.1,5,native,0,Great Meadow
NWC21-ME-HP307,GRME,SEN,Great Meadow,2021,530759.5426,4877329.353,ARONIA MELANOCARPA,ARME6,0.1,5,native,0,Great Meadow
NWCA11-R307,GRME,SEN,Great Meadow,2011,530759.5426,4877329.353,BARTONIA PANICULATA,BAPA2,2.84,7,native,0,Great Meadow
NWCA16-R307,GRME,SEN,Great Meadow,2016,530759.5426,4877329.353,BARTONIA PANICULATA,BAPA2,0.04,7,native,0,Great Meadow
NWC21-ME-HP307,GRME,SEN,Great Meadow,2021,530759.5426,4877329.353,BARTONIA PANICULATA,BAPA2,0.04,7,native,0,Great Meadow
NWCA11-R307,GRME,SEN,Great Meadow,2011,530759.5426,4877329.353,CALOPOGON TUBEROSUS,CATU5,0.1,7,native,0,Great Meadow
NWCA16-R307,GRME,SEN,Great Meadow,2016,530759.5426,4877329.353,CALOPOGON TUBEROSUS,CATU5,0.1,7,native,0,Great Meadow
NWC21-ME-HP307,GRME,SEN,Great Meadow,2021,530759.5426,4877329.353,CALOPOGON TUBEROSUS VAR. TUBEROSUS,CATUT,0.08,7,native,0,Great Meadow
NWCA11-R307,GRME,SEN,Great Meadow,2011,530759.5426,4877329.353,CHAMAEDAPHNE CALYCULATA,CHCA2,0.1,5,native,0,Great Meadow
NWCA16-R307,GRME,SEN,Great Meadow,2016,530759.5426,4877329.353,CHAMAEDAPHNE CALYCULATA,CHCA2,0.1,5,native,0,Great Meadow
NWC21-ME-HP307,GRME,SEN,Great Meadow,2021,530759.5426,4877329.353,CHAMAEDAPHNE CALYCULATA,CHCA2,0.28,5,native,0,Great Meadow
NWCA11-R307,GRME,SEN,Great Meadow,2011,530759.5426,4877329.353,DROSERA INTERMEDIA,DRIN3,7,5,native,0,Great Meadow
NWCA16-R307,GRME,SEN,Great Meadow,2016,530759.5426,4877329.353,DROSERA INTERMEDIA,DRIN3,8.8,5,native,0,Great Meadow
NWC21-ME-HP307,GRME,SEN,Great Meadow,2021,530759.5426,4877329.353,DROSERA INTERMEDIA,DRIN3,9.82,5,native,0,Great Meadow
NWCA11-R307,GRME,SEN,Great Meadow,2011,530759.5426,4877329.353,DROSERA ROTUNDIFOLIA,DRRO,0.1,4,native,1,Great Meadow
NWCA16-R307,GRME,SEN,Great Meadow,2016,530759.5426,4877329.353,DROSERA ROTUNDIFOLIA,DRRO,0.1,4,native,1,Great Meadow
NWC21-ME-HP307,GRME,SEN,Great Meadow,2021,530759.5426,4877329.353,DROSERA ROTUNDIFOLIA,DRRO,0.1,4,native,1,Great Meadow
NWCA11-R307,GRME,SEN,Great Meadow,2011,530759.5426,4877329.353,ERIOPHORUM ANGUSTIFOLIUM,ERAN6,1.26,6,native,0,Great Meadow
NWCA16-R307,GRME,SEN,Great Meadow,2016,530759.5426,4877329.353,ERIOPHORUM ANGUSTIFOLIUM,ERAN6,4.64,6,native,0,Great Meadow
NWCA11-R307,GRME,SEN,Great Meadow,2011,530759.5426,4877329.353,ERIOPHORUM VIRGINICUM,ERVI8,2.04,6,native,0,Great Meadow
NWCA16-R307,GRME,SEN,Great Meadow,2016,530759.5426,4877329.353,ERIOPHORUM VIRGINICUM,ERVI8,3.4,6,native,0,Great Meadow
NWC21-ME-HP307,GRME,SEN,Great Meadow,2021,530759.5426,4877329.353,ERIOPHORUM VIRGINICUM,ERVI8,1.04,6,native,0,Great Meadow
NWC21-ME-HP307,GRME,SEN,Great Meadow,2021,530759.5426,4877329.353,GAYLUSSACIA BIGELOVIANA,GABI7,23.6,8,native,0,Great Meadow
NWCA11-R307,GRME,SEN,Great Meadow,2011,530759.5426,4877329.353,GAYLUSSACIA DUMOSA,GADU,35,8,native,0,Great Meadow
NWCA16-R307,GRME,SEN,Great Meadow,2016,530759.5426,4877329.353,GAYLUSSACIA DUMOSA,GADU,22.2,8,native,0,Great Meadow
NWCA11-R307,GRME,SEN,Great Meadow,2011,530759.5426,4877329.353,ILEX GLABRA,ILGL,7.82,8,native,0,Great Meadow
NWCA16-R307,GRME,SEN,Great Meadow,2016,530759.5426,4877329.353,ILEX GLABRA,ILGL,4.42,8,native,0,Great Meadow
NWC21-ME-HP307,GRME,SEN,Great Meadow,2021,530759.5426,4877329.353,ILEX GLABRA,ILGL,18.4,8,native,0,Great Meadow
NWCA11-R307,GRME,SEN,Great Meadow,2011,530759.5426,4877329.353,ILEX MUCRONATA,ILMU,0.04,6,native,0,Great Meadow
NWCA16-R307,GRME,SEN,Great Meadow,2016,530759.5426,4877329.353,ILEX MUCRONATA,ILMU,0.06,6,native,0,Great Meadow
NWC21-ME-HP307,GRME,SEN,Great Meadow,2021,530759.5426,4877329.353,ILEX MUCRONATA,ILMU,0.04,6,native,0,Great Meadow
NWCA16-R307,GRME,SEN,Great Meadow,2016,530759.5426,4877329.353,JUNCUS ACUMINATUS,JUAC,1.62,5,native,0,Great Meadow
NWCA11-R307,GRME,SEN,Great Meadow,2011,530759.5426,4877329.353,JUNCUS CANADENSIS,JUCA3,29.2,4,native,1,Great Meadow
NWC21-ME-HP307,GRME,SEN,Great Meadow,2021,530759.5426,4877329.353,JUNCUS CANADENSIS,JUCA3,0.26,4,native,1,Great Meadow
NWCA11-R307,GRME,SEN,Great Meadow,2011,530759.5426,4877329.353,KALMIA ANGUSTIFOLIA,KAAN,0.04,4,native,1,Great Meadow
NWCA16-R307,GRME,SEN,Great Meadow,2016,530759.5426,4877329.353,KALMIA ANGUSTIFOLIA,KAAN,0.04,4,native,1,Great Meadow
NWC21-ME-HP307,GRME,SEN,Great Meadow,2021,530759.5426,4877329.353,KALMIA ANGUSTIFOLIA SPP. ANGUSTIFOLIA,KAAN,0.04,4,native,1,Great Meadow
NWCA16-R307,GRME,SEN,Great Meadow,2016,530759.5426,4877329.353,LARIX LARICINA,LALA,0.06,4,native,1,Great Meadow
NWCA11-R307,GRME,SEN,Great Meadow,2011,530759.5426,4877329.353,LEDUM GROENLANDICUM,LEGR,0.02,8,native,0,Great Meadow
NWCA16-R307,GRME,SEN,Great Meadow,2016,530759.5426,4877329.353,LEDUM GROENLANDICUM,LEGR,0.02,8,native,0,Great Meadow
NWCA11-R307,GRME,SEN,Great Meadow,2011,530759.5426,4877329.353,MUHLENBERGIA UNIFLORA,MUUN,0.04,4,native,1,Great Meadow
NWC21-ME-HP307,GRME,SEN,Great Meadow,2021,530759.5426,4877329.353,MUHLENBERGIA UNIFLORA,MUUN,0.02,4,native,1,Great Meadow
NWCA11-R307,GRME,SEN,Great Meadow,2011,530759.5426,4877329.353,MYRICA GALE,MYGA,7,5,native,0,Great Meadow
NWCA16-R307,GRME,SEN,Great Meadow,2016,530759.5426,4877329.353,MYRICA GALE,MYGA,5,5,native,0,Great Meadow
NWC21-ME-HP307,GRME,SEN,Great Meadow,2021,530759.5426,4877329.353,MYRICA GALE,MYGA,3.4,5,native,0,Great Meadow
NWCA11-R307,GRME,SEN,Great Meadow,2011,530759.5426,4877329.353,OCLEMENA NEMORALIS,OCNE2,1.42,8,native,0,Great Meadow
NWCA16-R307,GRME,SEN,Great Meadow,2016,530759.5426,4877329.353,OCLEMENA NEMORALIS,OCNE2,1.02,8,native,0,Great Meadow
NWC21-ME-HP307,GRME,SEN,Great Meadow,2021,530759.5426,4877329.353,OCLEMENA NEMORALIS,OCNE2,1.22,8,native,0,Great Meadow
NWCA11-R307,GRME,SEN,Great Meadow,2011,530759.5426,4877329.353,PICEA MARIANA,PIMA,0.02,6,native,0,Great Meadow
NWCA16-R307,GRME,SEN,Great Meadow,2016,530759.5426,4877329.353,PICEA MARIANA,PIMA,0.06,6,native,0,Great Meadow
NWC21-ME-HP307,GRME,SEN,Great Meadow,2021,530759.5426,4877329.353,PICEA MARIANA,PIMA,0.08,6,native,0,Great Meadow
NWCA11-R307,GRME,SEN,Great Meadow,2011,530759.5426,4877329.353,POGONIA OPHIOGLOSSOIDES,POOP,0.66,5,native,0,Great Meadow
NWCA16-R307,GRME,SEN,Great Meadow,2016,530759.5426,4877329.353,POGONIA OPHIOGLOSSOIDES,POOP,0.04,5,native,0,Great Meadow
NWC21-ME-HP307,GRME,SEN,Great Meadow,2021,530759.5426,4877329.353,POGONIA OPHIOGLOSSOIDES,POOP,0.1,5,native,0,Great Meadow
NWC21-ME-HP307,GRME,SEN,Great Meadow,2021,530759.5426,4877329.353,RHODODENDRON GROENLANDICUM,RHGR3,0.02,8,native,0,Great Meadow
NWCA11-R307,GRME,SEN,Great Meadow,2011,530759.5426,4877329.353,RHYNCHOSPORA ALBA,RHAL3,2.26,6,native,0,Great Meadow
NWCA16-R307,GRME,SEN,Great Meadow,2016,530759.5426,4877329.353,RHYNCHOSPORA ALBA,RHAL3,15,6,native,0,Great Meadow
NWC21-ME-HP307,GRME,SEN,Great Meadow,2021,530759.5426,4877329.353,RHYNCHOSPORA ALBA,RHAL3,3.42,6,native,0,Great Meadow
NWC21-ME-HP307,GRME,SEN,Great Meadow,2021,530759.5426,4877329.353,RHYNCHOSPORA FUSCA,RHFU,0,6,native,0,Great Meadow
NWCA11-R307,GRME,SEN,Great Meadow,2011,530759.5426,4877329.353,SARRACENIA PURPUREA,SAPU4,0.1,7,native,0,Great Meadow
NWCA16-R307,GRME,SEN,Great Meadow,2016,530759.5426,4877329.353,SARRACENIA PURPUREA,SAPU4,1.02,7,native,0,Great Meadow
NWC21-ME-HP307,GRME,SEN,Great Meadow,2021,530759.5426,4877329.353,SARRACENIA PURPUREA SPP. PURPUREA,SAPU4,0.1,7,native,0,Great Meadow
NWCA11-R307,GRME,SEN,Great Meadow,2011,530759.5426,4877329.353,SOLIDAGO ULIGINOSA,SOUL,0.02,8,native,0,Great Meadow
NWCA16-R307,GRME,SEN,Great Meadow,2016,530759.5426,4877329.353,SOLIDAGO ULIGINOSA,SOUL,0.02,8,native,0,Great Meadow
NWC21-ME-HP307,GRME,SEN,Great Meadow,2021,530759.5426,4877329.353,SOLIDAGO ULIGINOSA VAR. PERACUTA,SOULP,0.04,8,native,0,Great Meadow
NWCA11-R307,GRME,SEN,Great Meadow,2011,530759.5426,4877329.353,SYMPLOCARPUS FOETIDUS,SYFO,0.8,6,native,0,Great Meadow
NWCA16-R307,GRME,SEN,Great Meadow,2016,530759.5426,4877329.353,SYMPLOCARPUS FOETIDUS,SYFO,0.8,6,native,0,Great Meadow
NWC21-ME-HP307,GRME,SEN,Great Meadow,2021,530759.5426,4877329.353,SYMPLOCARPUS FOETIDUS,SYFO,0.2,6,native,0,Great Meadow
NWCA11-R307,GRME,SEN,Great Meadow,2011,530759.5426,4877329.353,THUJA OCCIDENTALIS,THOC2,0.04,3,native,1,Great Meadow
NWCA16-R307,GRME,SEN,Great Meadow,2016,530759.5426,4877329.353,THUJA OCCIDENTALIS,THOC2,0.08,3,native,1,Great Meadow
NWC21-ME-HP307,GRME,SEN,Great Meadow,2021,530759.5426,4877329.353,THUJA OCCIDENTALIS,THOC2,0.1,3,native,1,Great Meadow
NWCA11-R307,GRME,SEN,Great Meadow,2011,530759.5426,4877329.353,TRIENTALIS BOREALIS,TRBO2,0.02,4,native,1,Great Meadow
NWCA11-R307,GRME,SEN,Great Meadow,2011,530759.5426,4877329.353,UTRICULARIA CORNUTA,UTCO,0.66,6,native,0,Great Meadow
NWCA16-R307,GRME,SEN,Great Meadow,2016,530759.5426,4877329.353,UTRICULARIA CORNUTA,UTCO,0.06,6,native,0,Great Meadow
NWC21-ME-HP307,GRME,SEN,Great Meadow,2021,530759.5426,4877329.353,UTRICULARIA CORNUTA,UTCO,0.02,6,native,0,Great Meadow
NWCA11-R307,GRME,SEN,Great Meadow,2011,530759.5426,4877329.353,VACCINIUM MACROCARPON,VAMA,1.24,5,native,0,Great Meadow
NWCA16-R307,GRME,SEN,Great Meadow,2016,530759.5426,4877329.353,VACCINIUM MACROCARPON,VAMA,5.62,5,native,0,Great Meadow
NWC21-ME-HP307,GRME,SEN,Great Meadow,2021,530759.5426,4877329.353,VACCINIUM MACROCARPON,VAMA,9.64,5,native,0,Great Meadow
NWCA11-R307,GRME,SEN,Great Meadow,2011,530759.5426,4877329.353,VACCINIUM OXYCOCCOS,VAOX,0.1,7,native,0,Great Meadow
NWCA16-R307,GRME,SEN,Great Meadow,2016,530759.5426,4877329.353,VACCINIUM OXYCOCCOS,VAOX,0.1,7,native,0,Great Meadow
NWC21-ME-HP307,GRME,SEN,Great Meadow,2021,530759.5426,4877329.353,VACCINIUM OXYCOCCOS,VAOX,0.28,7,native,0,Great Meadow