"Code","Location_ID","Visit_ID","Panel","Date","Year","Visit_Type","limited_RAM","Strata","Strata_ID","Latin_Name","Common","Percent_Cover","TSN","Order","Family","Genus","Exotic","Invasive","PLANTS_Code","CoC_ME_ACAD","ACAD_ED","Aquatic","Fern_Ally","Graminoid","Herbaceous","Moss_Lichen","Shrub","Tree","Vine","Canopy_Exclusion","TSN_Accepted","Accepted_Latin_Name","Synonym","Author","Protected_species"
"GRME01",218,NA,NA,"7/16/2015",2015,"VS",1,"Tall Emergent Plants/Forbs/Graminoids (≥0.5m)",4,"Carex stricta","upright sedge",50,39435,"Poales","Cyperaceae","Carex",FALSE,FALSE,"CAST8",4,FALSE,FALSE,FALSE,TRUE,FALSE,FALSE,FALSE,FALSE,FALSE,FALSE,39435,"Carex stricta",NA,"Lam.",FALSE
"GRME01",218,NA,NA,"7/16/2015",2015,"VS",1,"Tall Emergent Plants/Forbs/Graminoids (≥0.5m)",4,"Calamagrostis canadensis","bluejoint",30,40544,"Poales","Poaceae","Calamagrostis",FALSE,FALSE,"CACA4",3,FALSE,FALSE,FALSE,TRUE,FALSE,FALSE,FALSE,FALSE,FALSE,FALSE,40544,"Calamagrostis canadensis",NA,"(Michx.) P. Beauv.",FALSE
"GRME01",218,NA,NA,"7/16/2015",2015,"VS",1,"Short Woody Plants (shrubs and trees <5m)",5,"Myrica gale","sweetgale",49,19265,"Fagales","Myricaceae","Myrica",FALSE,FALSE,"MYGA",5,FALSE,FALSE,FALSE,FALSE,FALSE,FALSE,TRUE,FALSE,FALSE,FALSE,19265,"Myrica gale",NA,"L.",FALSE
"GRME01",218,NA,NA,"8/14/2020",2020,"VS",1,"Tall Emergent Plants/Forbs/Graminoids (≥0.5m)",4,"Carex stricta","upright sedge",19,39435,"Poales","Cyperaceae","Carex",FALSE,FALSE,"CAST8",4,FALSE,FALSE,FALSE,TRUE,FALSE,FALSE,FALSE,FALSE,FALSE,FALSE,39435,"Carex stricta",NA,"Lam.",FALSE
"GRME01",218,NA,NA,"8/14/2020",2020,"VS",1,"Tall Emergent Plants/Forbs/Graminoids (≥0.5m)",4,"Calamagrostis canadensis","bluejoint",27,40544,"Poales","Poaceae","Calamagrostis",FALSE,FALSE,"CACA4",3,FALSE,FALSE,FALSE,TRUE,FALSE,FALSE,FALSE,FALSE,FALSE,FALSE,40544,"Calamagrostis canadensis",NA,"(Michx.) P. Beauv.",FALSE
"GRME01",218,NA,NA,"8/14/2020",2020,"VS",1,"Short Woody Plants (shrubs and trees <5m)",5,"Myrica gale","sweetgale",12,19265,"Fagales","Myricaceae","Myrica",FALSE,FALSE,"MYGA",5,FALSE,FALSE,FALSE,FALSE,FALSE,FALSE,TRUE,FALSE,FALSE,FALSE,19265,"Myrica gale",NA,"L.",FALSE
"GRME01",218,NA,NA,"8/14/2020",2020,"VS",1,"Tall Woody Plants (shrubs and trees ≥5.0m)",6,"Betula populifolia","gray birch",10,19497,"Fagales","Betulaceae","Betula",FALSE,FALSE,"BEPO",2,FALSE,FALSE,FALSE,FALSE,FALSE,FALSE,FALSE,TRUE,FALSE,TRUE,19497,"Betula populifolia",NA,"Marshall",FALSE
"GRME02",223,NA,NA,"7/23/2015",2015,"VS",1,"Tall Emergent Plants/Forbs/Graminoids (≥0.5m)",4,"Typha latifolia","broadleaf cattail",19,42326,"Poales","Typhaceae","Typha",FALSE,FALSE,"TYLA",2,FALSE,FALSE,FALSE,FALSE,TRUE,FALSE,FALSE,FALSE,FALSE,FALSE,42326,"Typha latifolia",NA,"L.",FALSE
"GRME02",223,NA,NA,"7/23/2015",2015,"VS",1,"Tall Emergent Plants/Forbs/Graminoids (≥0.5m)",4,"Calamagrostis canadensis","bluejoint",43,40544,"Poales","Poaceae","Calamagrostis",FALSE,FALSE,"CACA4",3,FALSE,FALSE,FALSE,TRUE,FALSE,FALSE,FALSE,FALSE,FALSE,FALSE,40544,"Calamagrostis canadensis",NA,"(Michx.) P. Beauv.",FALSE
"GRME02",223,NA,NA,"7/23/2015",2015,"VS",1,"Tall Emergent Plants/Forbs/Graminoids (≥0.5m)",4,"Carex lacustris","hairy sedge",24,39409,"Poales","Cyperaceae","Carex",FALSE,FALSE,"CALA16",4,FALSE,FALSE,FALSE,TRUE,FALSE,FALSE,FALSE,FALSE,FALSE,FALSE,39409,"Carex lacustris",NA,"Willd.",FALSE
"GRME02",223,NA,NA,"7/23/2015",2015,"VS",1,"Short Woody Plants (shrubs and trees <5m)",5,"Myrica gale","sweetgale",29,19265,"Fagales","Myricaceae","Myrica",FALSE,FALSE,"MYGA",5,FALSE,FALSE,FALSE,FALSE,FALSE,FALSE,TRUE,FALSE,FALSE,FALSE,19265,"Myrica gale",NA,"L.",FALSE
"GRME02",223,NA,NA,"7/23/2015",2015,"VS",1,"Short Woody Plants (shrubs and trees <5m)",5,"Alnus incana ssp. Rugosa","speckled alder",17,181888,"Fagales","Betulaceae","Alnus",FALSE,FALSE,"ALINR",3,FALSE,FALSE,FALSE,FALSE,FALSE,FALSE,TRUE,FALSE,FALSE,FALSE,181888,"Alnus rugosa",NA,"(Du Roi) R.T. Clausen",FALSE
"GRME02",223,NA,NA,"8/12/2020",2020,"VS",1,"Tall Emergent Plants/Forbs/Graminoids (≥0.5m)",4,"Typha latifolia","broadleaf cattail",50,42326,"Poales","Typhaceae","Typha",FALSE,FALSE,"TYLA",2,FALSE,FALSE,FALSE,FALSE,TRUE,FALSE,FALSE,FALSE,FALSE,FALSE,42326,"Typha latifolia",NA,"L.",FALSE
"GRME02",223,NA,NA,"8/12/2020",2020,"VS",1,"Tall Emergent Plants/Forbs/Graminoids (≥0.5m)",4,"Calamagrostis canadensis","bluejoint",25,40544,"Poales","Poaceae","Calamagrostis",FALSE,FALSE,"CACA4",3,FALSE,FALSE,FALSE,TRUE,FALSE,FALSE,FALSE,FALSE,FALSE,FALSE,40544,"Calamagrostis canadensis",NA,"(Michx.) P. Beauv.",FALSE
"GRME02",223,NA,NA,"8/12/2020",2020,"VS",1,"Tall Emergent Plants/Forbs/Graminoids (≥0.5m)",4,"Carex lacustris","hairy sedge",35,39409,"Poales","Cyperaceae","Carex",FALSE,FALSE,"CALA16",4,FALSE,FALSE,FALSE,TRUE,FALSE,FALSE,FALSE,FALSE,FALSE,FALSE,39409,"Carex lacustris",NA,"Willd.",FALSE
"GRME02",223,NA,NA,"8/12/2020",2020,"VS",1,"Short Woody Plants (shrubs and trees <5m)",5,"Myrica gale","sweetgale",35,19265,"Fagales","Myricaceae","Myrica",FALSE,FALSE,"MYGA",5,FALSE,FALSE,FALSE,FALSE,FALSE,FALSE,TRUE,FALSE,FALSE,FALSE,19265,"Myrica gale",NA,"L.",FALSE
"GRME02",223,NA,NA,"8/12/2020",2020,"VS",1,"Short Woody Plants (shrubs and trees <5m)",5,"Alnus incana ssp. Rugosa","speckled alder",14,181888,"Fagales","Betulaceae","Alnus",FALSE,FALSE,"ALINR",3,FALSE,FALSE,FALSE,FALSE,FALSE,FALSE,TRUE,FALSE,FALSE,FALSE,181888,"Alnus rugosa",NA,"(Du Roi) R.T. Clausen",FALSE
"GRME02",223,NA,NA,"8/12/2020",2020,"VS",1,"Short Woody Plants (shrubs and trees <5m)",5,"Frangula alnus",NA,6,NA,NA,NA,NA,NA,NA,NA,NA,NA,NA,NA,NA,NA,NA,NA,NA,NA,NA,NA,NA,NA,NA,NA
"GRME03",215,NA,NA,"7/28/2015",2015,"VS",1,"Tall Emergent Plants/Forbs/Graminoids (≥0.5m)",4,"Carex stricta","upright sedge",17,39435,"Poales","Cyperaceae","Carex",FALSE,FALSE,"CAST8",4,FALSE,FALSE,FALSE,TRUE,FALSE,FALSE,FALSE,FALSE,FALSE,FALSE,39435,"Carex stricta",NA,"Lam.",FALSE
"GRME03",215,NA,NA,"7/28/2015",2015,"VS",1,"Tall Emergent Plants/Forbs/Graminoids (≥0.5m)",4,"Osmundastrum cinnamomea","cinnamon fern",11,897944,"Osmundales","Osmundacea","Osmundastrum",FALSE,FALSE,"OSCI2",4,FALSE,FALSE,TRUE,FALSE,TRUE,FALSE,FALSE,FALSE,FALSE,FALSE,897944,"Osmundastrum cinnamomea","Osmunda cinnamomea","(L.) C. Presl",FALSE
"GRME03",215,NA,NA,"7/28/2015",2015,"VS",1,"",6,"Acer rubrum","red maple",61,28728,"Sapindales","Sapindaceae","Acer",FALSE,FALSE,"ACRU",3,FALSE,FALSE,FALSE,FALSE,FALSE,FALSE,FALSE,TRUE,FALSE,FALSE,28728,"Acer rubrum",NA,"L.",FALSE
"GRME03",215,NA,NA,"8/14/2020",2020,"VS",1,"Tall Emergent Plants/Forbs/Graminoids (≥0.5m)",4,"Carex stricta","upright sedge",27,39435,"Poales","Cyperaceae","Carex",FALSE,FALSE,"CAST8",4,FALSE,FALSE,FALSE,TRUE,FALSE,FALSE,FALSE,FALSE,FALSE,FALSE,39435,"Carex stricta",NA,"Lam.",FALSE
"GRME03",215,NA,NA,"8/14/2020",2020,"VS",1,"Tall Emergent Plants/Forbs/Graminoids (≥0.5m)",4,"Osmundastrum cinnamomea","cinnamon fern",21,897944,"Osmundales","Osmundacea","Osmundastrum",FALSE,FALSE,"OSCI2",4,FALSE,FALSE,TRUE,FALSE,TRUE,FALSE,FALSE,FALSE,FALSE,FALSE,897944,"Osmundastrum cinnamomea","Osmunda cinnamomea","(L.) C. Presl",FALSE
"GRME03",215,NA,NA,"8/14/2020",2020,"VS",1,"Tall Woody Plants (shrubs and trees ≥5.0m)",6,"Acer rubrum","red maple",57,28728,"Sapindales","Sapindaceae","Acer",FALSE,FALSE,"ACRU",3,FALSE,FALSE,FALSE,FALSE,FALSE,FALSE,FALSE,TRUE,FALSE,FALSE,28728,"Acer rubrum",NA,"L.",FALSE
"GRME03",215,NA,NA,"8/14/2020",2020,"VS",1,"Tall Woody Plants (shrubs and trees ≥5.0m)",6,"Betula papyrifera","paper birch",17,19489,"Fagales","Betulaceae","Betula",FALSE,FALSE,"BEPA",3,FALSE,FALSE,FALSE,FALSE,FALSE,FALSE,FALSE,TRUE,FALSE,FALSE,19489,"Betula papyrifera","Betula papyrifera var. papyrifera","Marshall",FALSE
"GRME04",222,NA,NA,"7/30/2015",2015,"VS",1,"Tall Emergent Plants/Forbs/Graminoids (≥0.5m)",4,"Carex stricta","upright sedge",29,39435,"Poales","Cyperaceae","Carex",FALSE,FALSE,"CAST8",4,FALSE,FALSE,FALSE,TRUE,FALSE,FALSE,FALSE,FALSE,FALSE,FALSE,39435,"Carex stricta",NA,"Lam.",FALSE
"GRME04",222,NA,NA,"7/30/2015",2015,"VS",1,"Short Woody Plants (shrubs and trees <5m)",5,"Frangula alnus",NA,7,NA,NA,NA,NA,NA,NA,NA,NA,NA,NA,NA,NA,NA,NA,NA,NA,NA,NA,NA,NA,NA,NA,NA
"GRME04",222,NA,NA,"7/30/2015",2015,"VS",1,"Tall Woody Plants (shrubs and trees ≥5.0m)",6,"Acer rubrum","red maple",83,28728,"Sapindales","Sapindaceae","Acer",FALSE,FALSE,"ACRU",3,FALSE,FALSE,FALSE,FALSE,FALSE,FALSE,FALSE,TRUE,FALSE,FALSE,28728,"Acer rubrum",NA,"L.",FALSE
"GRME04",222,NA,NA,"7/30/2015",2015,"VS",1,"Tall Woody Plants (shrubs and trees ≥5.0m)",6,"Betula papyrifera","paper birch",13,19489,"Fagales","Betulaceae","Betula",FALSE,FALSE,"BEPA",3,FALSE,FALSE,FALSE,FALSE,FALSE,FALSE,FALSE,TRUE,FALSE,FALSE,19489,"Betula papyrifera","Betula papyrifera var. papyrifera","Marshall",FALSE
"GRME04",222,NA,NA,"8/14/2020",2020,"VS",1,"Tall Emergent Plants/Forbs/Graminoids (≥0.5m)",4,"Carex stricta","upright sedge",50,39435,"Poales","Cyperaceae","Carex",FALSE,FALSE,"CAST8",4,FALSE,FALSE,FALSE,TRUE,FALSE,FALSE,FALSE,FALSE,FALSE,FALSE,39435,"Carex stricta",NA,"Lam.",FALSE
"GRME04",222,NA,NA,"8/14/2020",2020,"VS",1,"Short Woody Plants (shrubs and trees <5m)",5,"Frangula alnus",NA,1,NA,NA,NA,NA,NA,NA,NA,NA,NA,NA,NA,NA,NA,NA,NA,NA,NA,NA,NA,NA,NA,NA,NA
"GRME04",222,NA,NA,"8/14/2020",2020,"VS",1,"Tall Woody Plants (shrubs and trees ≥5.0m)",6,"Acer rubrum","red maple",33,28728,"Sapindales","Sapindaceae","Acer",FALSE,FALSE,"ACRU",3,FALSE,FALSE,FALSE,FALSE,FALSE,FALSE,FALSE,TRUE,FALSE,FALSE,28728,"Acer rubrum",NA,"L.",FALSE
"GRME04",222,NA,NA,"8/14/2020",2020,"VS",1,"Tall Woody Plants (shrubs and trees ≥5.0m)",6,"Betula papyrifera","paper birch",19,19489,"Fagales","Betulaceae","Betula",FALSE,FALSE,"BEPA",3,FALSE,FALSE,FALSE,FALSE,FALSE,FALSE,FALSE,TRUE,FALSE,FALSE,19489,"Betula papyrifera","Betula papyrifera var. papyrifera","Marshall",FALSE
"GRME05",219,NA,NA,"8/12/2015",2015,"VS",1,"Tall Emergent Plants/Forbs/Graminoids (≥0.5m)",4,"Carex stricta","upright sedge",25,39435,"Poales","Cyperaceae","Carex",FALSE,FALSE,"CAST8",4,FALSE,FALSE,FALSE,TRUE,FALSE,FALSE,FALSE,FALSE,FALSE,FALSE,39435,"Carex stricta",NA,"Lam.",FALSE
"GRME05",219,NA,NA,"8/12/2015",2015,"VS",1,"Tall Emergent Plants/Forbs/Graminoids (≥0.5m)",4,"Carex lacustris","hairy sedge",38,39409,"Poales","Cyperaceae","Carex",FALSE,FALSE,"CALA16",4,FALSE,FALSE,FALSE,TRUE,FALSE,FALSE,FALSE,FALSE,FALSE,FALSE,39409,"Carex lacustris",NA,"Willd.",FALSE
"GRME05",219,NA,NA,"8/12/2015",2015,"VS",1,"Tall Emergent Plants/Forbs/Graminoids (≥0.5m)",4,"Carex lenticularis",NA,34,NA,NA,NA,NA,NA,NA,NA,NA,NA,NA,NA,NA,NA,NA,NA,NA,NA,NA,NA,NA,NA,NA,NA
"GRME05",219,NA,NA,"8/12/2015",2015,"VS",1,"Tall Emergent Plants/Forbs/Graminoids (≥0.5m)",4,"Calamagrostis canadensis","bluejoint",56,40544,"Poales","Poaceae","Calamagrostis",FALSE,FALSE,"CACA4",3,FALSE,FALSE,FALSE,TRUE,FALSE,FALSE,FALSE,FALSE,FALSE,FALSE,40544,"Calamagrostis canadensis",NA,"(Michx.) P. Beauv.",FALSE
"GRME05",219,NA,NA,"8/12/2015",2015,"VS",1,"Tall Emergent Plants/Forbs/Graminoids (≥0.5m)",4,"Carex lasiocarpa","woolly-fruit sedge",21,39459,"Poales","Cyperaceae","Carex",FALSE,FALSE,"CALA11",6,FALSE,FALSE,FALSE,TRUE,FALSE,FALSE,FALSE,FALSE,FALSE,FALSE,39459,"Carex lasiocarpa",NA,"Ehrh.",FALSE
"GRME05",219,NA,NA,"8/12/2020",2020,"VS",1,"Tall Emergent Plants/Forbs/Graminoids (≥0.5m)",4,"Carex stricta","upright sedge",0,39435,"Poales","Cyperaceae","Carex",FALSE,FALSE,"CAST8",4,FALSE,FALSE,FALSE,TRUE,FALSE,FALSE,FALSE,FALSE,FALSE,FALSE,39435,"Carex stricta",NA,"Lam.",FALSE
"GRME05",219,NA,NA,"8/12/2020",2020,"VS",1,"Tall Emergent Plants/Forbs/Graminoids (≥0.5m)",4,"Carex lacustris","hairy sedge",4,39409,"Poales","Cyperaceae","Carex",FALSE,FALSE,"CALA16",4,FALSE,FALSE,FALSE,TRUE,FALSE,FALSE,FALSE,FALSE,FALSE,FALSE,39409,"Carex lacustris",NA,"Willd.",FALSE
"GRME05",219,NA,NA,"8/12/2020",2020,"VS",1,"Tall Emergent Plants/Forbs/Graminoids (≥0.5m)",4,"Carex lenticularis",NA,0,NA,NA,NA,NA,NA,NA,NA,NA,NA,NA,NA,NA,NA,NA,NA,NA,NA,NA,NA,NA,NA,NA,NA
"GRME05",219,NA,NA,"8/12/2020",2020,"VS",1,"Tall Emergent Plants/Forbs/Graminoids (≥0.5m)",4,"Calamagrostis canadensis","bluejoint",55,40544,"Poales","Poaceae","Calamagrostis",FALSE,FALSE,"CACA4",3,FALSE,FALSE,FALSE,TRUE,FALSE,FALSE,FALSE,FALSE,FALSE,FALSE,40544,"Calamagrostis canadensis",NA,"(Michx.) P. Beauv.",FALSE
"GRME05",219,NA,NA,"8/12/2020",2020,"VS",1,"Tall Emergent Plants/Forbs/Graminoids (≥0.5m)",4,"Carex lasiocarpa","woolly-fruit sedge",35,39459,"Poales","Cyperaceae","Carex",FALSE,FALSE,"CALA11",6,FALSE,FALSE,FALSE,TRUE,FALSE,FALSE,FALSE,FALSE,FALSE,FALSE,39459,"Carex lasiocarpa",NA,"Ehrh.",FALSE
"GRME05",219,NA,NA,"8/12/2020",2020,"VS",1,"Tall Emergent Plants/Forbs/Graminoids (≥0.5m)",4,"Carex utriculata","Northwest Territory sedge",30,501288,"Poales","Cyperales","Carex",FALSE,FALSE,"CAUT",5,FALSE,FALSE,FALSE,TRUE,FALSE,FALSE,FALSE,FALSE,FALSE,FALSE,501288,"Carex utriculata",NA,"Boott",FALSE
"GRME06",221,NA,NA,"8/10/2015",2015,"VS",1,"Tall Emergent Plants/Forbs/Graminoids (≥0.5m)",4,"Carex stricta","upright sedge",59,39435,"Poales","Cyperaceae","Carex",FALSE,FALSE,"CAST8",4,FALSE,FALSE,FALSE,TRUE,FALSE,FALSE,FALSE,FALSE,FALSE,FALSE,39435,"Carex stricta",NA,"Lam.",FALSE
"GRME06",221,NA,NA,"8/10/2015",2015,"VS",1,"Short Woody Plants (shrubs and trees <5m)",5,"Frangula alnus",NA,42,NA,NA,NA,NA,NA,NA,NA,NA,NA,NA,NA,NA,NA,NA,NA,NA,NA,NA,NA,NA,NA,NA,NA
"GRME06",221,NA,NA,"8/10/2015",2015,"VS",1,"Tall Woody Plants (shrubs and trees ≥5.0m)",6,"Acer rubrum","red maple",27,28728,"Sapindales","Sapindaceae","Acer",FALSE,FALSE,"ACRU",3,FALSE,FALSE,FALSE,FALSE,FALSE,FALSE,FALSE,TRUE,FALSE,FALSE,28728,"Acer rubrum",NA,"L.",FALSE
"GRME06",221,NA,NA,"8/10/2015",2015,"VS",1,"Tall Woody Plants (shrubs and trees ≥5.0m)",6,"Betula populifolia","gray birch",49,19497,"Fagales","Betulaceae","Betula",FALSE,FALSE,"BEPO",2,FALSE,FALSE,FALSE,FALSE,FALSE,FALSE,FALSE,TRUE,FALSE,TRUE,19497,"Betula populifolia",NA,"Marshall",FALSE
"GRME06",221,NA,NA,"8/14/2020",2020,"VS",1,"Tall Emergent Plants/Forbs/Graminoids (≥0.5m)",4,"Carex stricta","upright sedge",35,39435,"Poales","Cyperaceae","Carex",FALSE,FALSE,"CAST8",4,FALSE,FALSE,FALSE,TRUE,FALSE,FALSE,FALSE,FALSE,FALSE,FALSE,39435,"Carex stricta",NA,"Lam.",FALSE
"GRME06",221,NA,NA,"8/14/2020",2020,"VS",1,"Short Woody Plants (shrubs and trees <5m)",5,"Frangula alnus",NA,5,NA,NA,NA,NA,NA,NA,NA,NA,NA,NA,NA,NA,NA,NA,NA,NA,NA,NA,NA,NA,NA,NA,NA
"GRME06",221,NA,NA,"8/14/2020",2020,"VS",1,"Tall Woody Plants (shrubs and trees ≥5.0m)",6,"Acer rubrum","red maple",30,28728,"Sapindales","Sapindaceae","Acer",FALSE,FALSE,"ACRU",3,FALSE,FALSE,FALSE,FALSE,FALSE,FALSE,FALSE,TRUE,FALSE,FALSE,28728,"Acer rubrum",NA,"L.",FALSE
"GRME06",221,NA,NA,"8/14/2020",2020,"VS",1,"Tall Woody Plants (shrubs and trees ≥5.0m)",6,"Betula populifolia","gray birch",18,19497,"Fagales","Betulaceae","Betula",FALSE,FALSE,"BEPO",2,FALSE,FALSE,FALSE,FALSE,FALSE,FALSE,FALSE,TRUE,FALSE,TRUE,19497,"Betula populifolia",NA,"Marshall",FALSE
"GRME07",217,NA,NA,"8/14/2015",2015,"VS",1,"Tall Emergent Plants/Forbs/Graminoids (≥0.5m)",4,"Calamagrostis canadensis","bluejoint",30,40544,"Poales","Poaceae","Calamagrostis",FALSE,FALSE,"CACA4",3,FALSE,FALSE,FALSE,TRUE,FALSE,FALSE,FALSE,FALSE,FALSE,FALSE,40544,"Calamagrostis canadensis",NA,"(Michx.) P. Beauv.",FALSE
"GRME07",217,NA,NA,"8/14/2015",2015,"VS",1,"Tall Emergent Plants/Forbs/Graminoids (≥0.5m)",4,"Carex stricta","upright sedge",20,39435,"Poales","Cyperaceae","Carex",FALSE,FALSE,"CAST8",4,FALSE,FALSE,FALSE,TRUE,FALSE,FALSE,FALSE,FALSE,FALSE,FALSE,39435,"Carex stricta",NA,"Lam.",FALSE
"GRME07",217,NA,NA,"8/14/2015",2015,"VS",1,"Tall Emergent Plants/Forbs/Graminoids (≥0.5m)",4,"Carex vesicaria","blister sedge",12,39467,"Poales","Cyperaceae","Carex",FALSE,FALSE,"CAVE6",5,FALSE,FALSE,FALSE,TRUE,FALSE,FALSE,FALSE,FALSE,FALSE,FALSE,39467,"Carex vesicaria",NA,"L.",FALSE
"GRME07",217,NA,NA,"8/14/2015",2015,"VS",1,"Short Woody Plants (shrubs and trees <5m)",5,"Myrica gale","sweetgale",15,19265,"Fagales","Myricaceae","Myrica",FALSE,FALSE,"MYGA",5,FALSE,FALSE,FALSE,FALSE,FALSE,FALSE,TRUE,FALSE,FALSE,FALSE,19265,"Myrica gale",NA,"L.",FALSE
"GRME07",217,NA,NA,"8/14/2015",2015,"VS",1,"Tall Woody Plants (shrubs and trees ≥5.0m)",6,"Betula populifolia","gray birch",35,19497,"Fagales","Betulaceae","Betula",FALSE,FALSE,"BEPO",2,FALSE,FALSE,FALSE,FALSE,FALSE,FALSE,FALSE,TRUE,FALSE,TRUE,19497,"Betula populifolia",NA,"Marshall",FALSE
"GRME07",217,NA,NA,"8/14/2020",2020,"VS",1,"Tall Emergent Plants/Forbs/Graminoids (≥0.5m)",4,"Calamagrostis canadensis","bluejoint",53,40544,"Poales","Poaceae","Calamagrostis",FALSE,FALSE,"CACA4",3,FALSE,FALSE,FALSE,TRUE,FALSE,FALSE,FALSE,FALSE,FALSE,FALSE,40544,"Calamagrostis canadensis",NA,"(Michx.) P. Beauv.",FALSE
"GRME07",217,NA,NA,"8/14/2020",2020,"VS",1,"Tall Emergent Plants/Forbs/Graminoids (≥0.5m)",4,"Carex stricta","upright sedge",25,39435,"Poales","Cyperaceae","Carex",FALSE,FALSE,"CAST8",4,FALSE,FALSE,FALSE,TRUE,FALSE,FALSE,FALSE,FALSE,FALSE,FALSE,39435,"Carex stricta",NA,"Lam.",FALSE
"GRME07",217,NA,NA,"8/14/2020",2020,"VS",1,"Tall Emergent Plants/Forbs/Graminoids (≥0.5m)",4,"Carex vesicaria","blister sedge",0,39467,"Poales","Cyperaceae","Carex",FALSE,FALSE,"CAVE6",5,FALSE,FALSE,FALSE,TRUE,FALSE,FALSE,FALSE,FALSE,FALSE,FALSE,39467,"Carex vesicaria",NA,"L.",FALSE
"GRME07",217,NA,NA,"8/14/2020",2020,"VS",1,"Short Woody Plants (shrubs and trees <5m)",5,"Myrica gale","sweetgale",15,19265,"Fagales","Myricaceae","Myrica",FALSE,FALSE,"MYGA",5,FALSE,FALSE,FALSE,FALSE,FALSE,FALSE,TRUE,FALSE,FALSE,FALSE,19265,"Myrica gale",NA,"L.",FALSE
"GRME07",217,NA,NA,"8/14/2020",2020,"VS",1,"Tall Woody Plants (shrubs and trees ≥5.0m)",6,"Betula populifolia","gray birch",16,19497,"Fagales","Betulaceae","Betula",FALSE,FALSE,"BEPO",2,FALSE,FALSE,FALSE,FALSE,FALSE,FALSE,FALSE,TRUE,FALSE,TRUE,19497,"Betula populifolia",NA,"Marshall",FALSE
"GRME07",217,NA,NA,"8/14/2020",2020,"VS",1,"Tall Woody Plants (shrubs and trees ≥5.0m)",6,"Acer rubrum","red maple",10,28728,"Sapindales","Sapindaceae","Acer",FALSE,FALSE,"ACRU",3,FALSE,FALSE,FALSE,FALSE,FALSE,FALSE,FALSE,TRUE,FALSE,FALSE,28728,"Acer rubrum",NA,"L.",FALSE
"GRME08",214,NA,NA,"8/14/2015",2015,"VS",1,"Tall Emergent Plants/Forbs/Graminoids (≥0.5m)",4,"Carex lacustris","hairy sedge",75,39409,"Poales","Cyperaceae","Carex",FALSE,FALSE,"CALA16",4,FALSE,FALSE,FALSE,TRUE,FALSE,FALSE,FALSE,FALSE,FALSE,FALSE,39409,"Carex lacustris",NA,"Willd.",FALSE
"GRME08",214,NA,NA,"8/14/2015",2015,"VS",1,"Tall Emergent Plants/Forbs/Graminoids (≥0.5m)",4,"Carex lasiocarpa","woolly-fruit sedge",15,39459,"Poales","Cyperaceae","Carex",FALSE,FALSE,"CALA11",6,FALSE,FALSE,FALSE,TRUE,FALSE,FALSE,FALSE,FALSE,FALSE,FALSE,39459,"Carex lasiocarpa",NA,"Ehrh.",FALSE
"GRME08",214,NA,NA,"8/14/2015",2015,"VS",1,"Tall Emergent Plants/Forbs/Graminoids (≥0.5m)",4,"Carex stricta","upright sedge",10,39435,"Poales","Cyperaceae","Carex",FALSE,FALSE,"CAST8",4,FALSE,FALSE,FALSE,TRUE,FALSE,FALSE,FALSE,FALSE,FALSE,FALSE,39435,"Carex stricta",NA,"Lam.",FALSE
"GRME08",214,NA,NA,"8/14/2015",2015,"VS",1,"Tall Emergent Plants/Forbs/Graminoids (≥0.5m)",4,"Carex vesicaria","blister sedge",10,39467,"Poales","Cyperaceae","Carex",FALSE,FALSE,"CAVE6",5,FALSE,FALSE,FALSE,TRUE,FALSE,FALSE,FALSE,FALSE,FALSE,FALSE,39467,"Carex vesicaria",NA,"L.",FALSE
"GRME08",214,NA,NA,"8/14/2015",2015,"VS",1,"Tall Emergent Plants/Forbs/Graminoids (≥0.5m)",4,"Calamagrostis canadensis","bluejoint",40,40544,"Poales","Poaceae","Calamagrostis",FALSE,FALSE,"CACA4",3,FALSE,FALSE,FALSE,TRUE,FALSE,FALSE,FALSE,FALSE,FALSE,FALSE,40544,"Calamagrostis canadensis",NA,"(Michx.) P. Beauv.",FALSE
"GRME08",214,NA,NA,"8/14/2015",2015,"VS",1,"Short Woody Plants (shrubs and trees <5m)",5,"Salix petiolaris","slender willow",40,22567,"Malpighiales","Salicaceae","Salix",FALSE,FALSE,"SAPE5",3,FALSE,FALSE,FALSE,FALSE,FALSE,FALSE,TRUE,FALSE,FALSE,FALSE,22567,"Salix petiolaris",NA,"Sm.",FALSE
"GRME08",214,NA,NA,"8/14/2015",2015,"VS",1,"Short Woody Plants (shrubs and trees <5m)",5,"Myrica gale","sweetgale",25,19265,"Fagales","Myricaceae","Myrica",FALSE,FALSE,"MYGA",5,FALSE,FALSE,FALSE,FALSE,FALSE,FALSE,TRUE,FALSE,FALSE,FALSE,19265,"Myrica gale",NA,"L.",FALSE
"GRME08",214,NA,NA,"8/14/2015",2015,"VS",1,"Short Woody Plants (shrubs and trees <5m)",5,"Alnus incana ssp. rugosa",NA,10,NA,NA,NA,NA,NA,NA,NA,NA,NA,NA,NA,NA,NA,NA,NA,NA,NA,NA,NA,NA,NA,NA,NA
"GRME08",214,NA,NA,"8/12/2020",2020,"VS",1,"Tall Emergent Plants/Forbs/Graminoids (≥0.5m)",4,"Carex lacustris","hairy sedge",40,39409,"Poales","Cyperaceae","Carex",FALSE,FALSE,"CALA16",4,FALSE,FALSE,FALSE,TRUE,FALSE,FALSE,FALSE,FALSE,FALSE,FALSE,39409,"Carex lacustris",NA,"Willd.",FALSE
"GRME08",214,NA,NA,"8/12/2020",2020,"VS",1,"Tall Emergent Plants/Forbs/Graminoids (≥0.5m)",4,"Carex lasiocarpa","woolly-fruit sedge",10,39459,"Poales","Cyperaceae","Carex",FALSE,FALSE,"CALA11",6,FALSE,FALSE,FALSE,TRUE,FALSE,FALSE,FALSE,FALSE,FALSE,FALSE,39459,"Carex lasiocarpa",NA,"Ehrh.",FALSE
"GRME08",214,NA,NA,"8/12/2020",2020,"VS",1,"Tall Emergent Plants/Forbs/Graminoids (≥0.5m)",4,"Carex stricta","upright sedge",8,39435,"Poales","Cyperaceae","Carex",FALSE,FALSE,"CAST8",4,FALSE,FALSE,FALSE,TRUE,FALSE,FALSE,FALSE,FALSE,FALSE,FALSE,39435,"Carex stricta",NA,"Lam.",FALSE
"GRME08",214,NA,NA,"8/12/2020",2020,"VS",1,"Tall Emergent Plants/Forbs/Graminoids (≥0.5m)",4,"Carex vesicaria","blister sedge",0,39467,"Poales","Cyperaceae","Carex",FALSE,FALSE,"CAVE6",5,FALSE,FALSE,FALSE,TRUE,FALSE,FALSE,FALSE,FALSE,FALSE,FALSE,39467,"Carex vesicaria",NA,"L.",FALSE
"GRME08",214,NA,NA,"8/12/2020",2020,"VS",1,"Tall Emergent Plants/Forbs/Graminoids (≥0.5m)",4,"Calamagrostis canadensis","bluejoint",25,40544,"Poales","Poaceae","Calamagrostis",FALSE,FALSE,"CACA4",3,FALSE,FALSE,FALSE,TRUE,FALSE,FALSE,FALSE,FALSE,FALSE,FALSE,40544,"Calamagrostis canadensis",NA,"(Michx.) P. Beauv.",FALSE
"GRME08",214,NA,NA,"8/12/2020",2020,"VS",1,"Short Woody Plants (shrubs and trees <5m)",5,"Salix petiolaris","slender willow",8,22567,"Malpighiales","Salicaceae","Salix",FALSE,FALSE,"SAPE5",3,FALSE,FALSE,FALSE,FALSE,FALSE,FALSE,TRUE,FALSE,FALSE,FALSE,22567,"Salix petiolaris",NA,"Sm.",FALSE
"GRME08",214,NA,NA,"8/12/2020",2020,"VS",1,"Short Woody Plants (shrubs and trees <5m)",5,"Myrica gale","sweetgale",35,19265,"Fagales","Myricaceae","Myrica",FALSE,FALSE,"MYGA",5,FALSE,FALSE,FALSE,FALSE,FALSE,FALSE,TRUE,FALSE,FALSE,FALSE,19265,"Myrica gale",NA,"L.",FALSE
"GRME08",214,NA,NA,"8/12/2020",2020,"VS",1,"Short Woody Plants (shrubs and trees <5m)",5,"Alnus incana ssp. rugosa",NA,8,NA,NA,NA,NA,NA,NA,NA,NA,NA,NA,NA,NA,NA,NA,NA,NA,NA,NA,NA,NA,NA,NA,NA
"GRME09",216,NA,NA,"8/14/2015",2015,"VS",1,"Short Woody Plants (shrubs and trees <5m)",5,"Frangula alnus",NA,40,NA,NA,NA,NA,NA,NA,NA,NA,NA,NA,NA,NA,NA,NA,NA,NA,NA,NA,NA,NA,NA,NA,NA
"GRME09",216,NA,NA,"8/14/2015",2015,"VS",1,"Short Woody Plants (shrubs and trees <5m)",5,"Vaccinium corymbosum","highbush blueberry",12,23573,"Ericales","Ericaceae","Vaccinium",FALSE,FALSE,"VACO",4,FALSE,FALSE,FALSE,FALSE,FALSE,FALSE,TRUE,FALSE,FALSE,FALSE,23573,"Vaccinium corymbosum",NA,"L.",FALSE
"GRME09",216,NA,NA,"8/14/2015",2015,"VS",1,"Short Woody Plants (shrubs and trees <5m)",5,"Rhododendron canadense","rhodora",10,23711,"Ericales","Ericaceae","Rhododendron",FALSE,FALSE,"RHCA6",5,FALSE,FALSE,FALSE,FALSE,FALSE,FALSE,TRUE,FALSE,FALSE,FALSE,23711,"Rhododendron canadense",NA,"(L.) Torr.",FALSE
"GRME09",216,NA,NA,"8/14/2015",2015,"VS",1,"Tall Woody Plants (shrubs and trees ≥5.0m)",6,"Acer rubrum","red maple",25,28728,"Sapindales","Sapindaceae","Acer",FALSE,FALSE,"ACRU",3,FALSE,FALSE,FALSE,FALSE,FALSE,FALSE,FALSE,TRUE,FALSE,FALSE,28728,"Acer rubrum",NA,"L.",FALSE
"GRME09",216,NA,NA,"8/14/2015",2015,"VS",1,"Tall Woody Plants (shrubs and trees ≥5.0m)",6,"Betula populifolia","gray birch",40,19497,"Fagales","Betulaceae","Betula",FALSE,FALSE,"BEPO",2,FALSE,FALSE,FALSE,FALSE,FALSE,FALSE,FALSE,TRUE,FALSE,TRUE,19497,"Betula populifolia",NA,"Marshall",FALSE
"GRME09",216,NA,NA,"8/14/2020",2020,"VS",1,"Tall Emergent Plants/Forbs/Graminoids (≥0.5m)",4,"Carex stricta","upright sedge",11,39435,"Poales","Cyperaceae","Carex",FALSE,FALSE,"CAST8",4,FALSE,FALSE,FALSE,TRUE,FALSE,FALSE,FALSE,FALSE,FALSE,FALSE,39435,"Carex stricta",NA,"Lam.",FALSE
"GRME09",216,NA,NA,"8/14/2020",2020,"VS",1,"Short Woody Plants (shrubs and trees <5m)",5,"Frangula alnus",NA,7,NA,NA,NA,NA,NA,NA,NA,NA,NA,NA,NA,NA,NA,NA,NA,NA,NA,NA,NA,NA,NA,NA,NA
"GRME09",216,NA,NA,"8/14/2020",2020,"VS",1,"Short Woody Plants (shrubs and trees <5m)",5,"Vaccinium corymbosum","highbush blueberry",4,23573,"Ericales","Ericaceae","Vaccinium",FALSE,FALSE,"VACO",4,FALSE,FALSE,FALSE,FALSE,FALSE,FALSE,TRUE,FALSE,FALSE,FALSE,23573,"Vaccinium corymbosum",NA,"L.",FALSE
"GRME09",216,NA,NA,"8/14/2020",2020,"VS",1,"Short Woody Plants (shrubs and trees <5m)",5,"Rhododendron canadense","rhodora",16,23711,"Ericales","Ericaceae","Rhododendron",FALSE,FALSE,"RHCA6",5,FALSE,FALSE,FALSE,FALSE,FALSE,FALSE,TRUE,FALSE,FALSE,FALSE,23711,"Rhododendron canadense",NA,"(L.) Torr.",FALSE
"GRME09",216,NA,NA,"8/14/2020",2020,"VS",1,"Tall Woody Plants (shrubs and trees ≥5.0m)",6,"Acer rubrum","red maple",8,28728,"Sapindales","Sapindaceae","Acer",FALSE,FALSE,"ACRU",3,FALSE,FALSE,FALSE,FALSE,FALSE,FALSE,FALSE,TRUE,FALSE,FALSE,28728,"Acer rubrum",NA,"L.",FALSE
"GRME09",216,NA,NA,"8/14/2020",2020,"VS",1,"Tall Woody Plants (shrubs and trees ≥5.0m)",6,"Betula populifolia","gray birch",15,19497,"Fagales","Betulaceae","Betula",FALSE,FALSE,"BEPO",2,FALSE,FALSE,FALSE,FALSE,FALSE,FALSE,FALSE,TRUE,FALSE,TRUE,19497,"Betula populifolia",NA,"Marshall",FALSE
"GRME10",220,NA,NA,"8/14/2015",2015,"VS",1,"Tall Emergent Plants/Forbs/Graminoids (≥0.5m)",4,"Carex lacustris","hairy sedge",60,39409,"Poales","Cyperaceae","Carex",FALSE,FALSE,"CALA16",4,FALSE,FALSE,FALSE,TRUE,FALSE,FALSE,FALSE,FALSE,FALSE,FALSE,39409,"Carex lacustris",NA,"Willd.",FALSE
"GRME10",220,NA,NA,"8/14/2015",2015,"VS",1,"Tall Emergent Plants/Forbs/Graminoids (≥0.5m)",4,"Calamagrostis canadensis","bluejoint",60,40544,"Poales","Poaceae","Calamagrostis",FALSE,FALSE,"CACA4",3,FALSE,FALSE,FALSE,TRUE,FALSE,FALSE,FALSE,FALSE,FALSE,FALSE,40544,"Calamagrostis canadensis",NA,"(Michx.) P. Beauv.",FALSE
"GRME10",220,NA,NA,"8/14/2015",2015,"VS",1,"Tall Emergent Plants/Forbs/Graminoids (≥0.5m)",4,"Carex atlantica","prickly bog sedge",80,39450,"Poales","Cyperaceae","Carex",FALSE,FALSE,"CAAT4",6,FALSE,FALSE,FALSE,TRUE,FALSE,FALSE,FALSE,FALSE,FALSE,FALSE,39450,"Carex atlantica",NA,"L.H. Bailey",FALSE
"GRME10",220,NA,NA,"8/12/2020",2020,"VS",1,"Tall Emergent Plants/Forbs/Graminoids (≥0.5m)",4,"Carex lacustris","hairy sedge",18,39409,"Poales","Cyperaceae","Carex",FALSE,FALSE,"CALA16",4,FALSE,FALSE,FALSE,TRUE,FALSE,FALSE,FALSE,FALSE,FALSE,FALSE,39409,"Carex lacustris",NA,"Willd.",FALSE
"GRME10",220,NA,NA,"8/12/2020",2020,"VS",1,"Tall Emergent Plants/Forbs/Graminoids (≥0.5m)",4,"Carex vesicaria","blister sedge",12,39467,"Poales","Cyperaceae","Carex",FALSE,FALSE,"CAVE6",5,FALSE,FALSE,FALSE,TRUE,FALSE,FALSE,FALSE,FALSE,FALSE,FALSE,39467,"Carex vesicaria",NA,"L.",FALSE
"GRME10",220,NA,NA,"8/12/2020",2020,"VS",1,"Tall Emergent Plants/Forbs/Graminoids (≥0.5m)",4,"Calamagrostis canadensis","bluejoint",45,40544,"Poales","Poaceae","Calamagrostis",FALSE,FALSE,"CACA4",3,FALSE,FALSE,FALSE,TRUE,FALSE,FALSE,FALSE,FALSE,FALSE,FALSE,40544,"Calamagrostis canadensis",NA,"(Michx.) P. Beauv.",FALSE
"GRME10",220,NA,NA,"8/12/2020",2020,"VS",1,"Tall Emergent Plants/Forbs/Graminoids (≥0.5m)",4,"Carex lasiocarpa","woolly-fruit sedge",30,39459,"Poales","Cyperaceae","Carex",FALSE,FALSE,"CALA11",6,FALSE,FALSE,FALSE,TRUE,FALSE,FALSE,FALSE,FALSE,FALSE,FALSE,39459,"Carex lasiocarpa",NA,"Ehrh.",FALSE
"GRME10",220,NA,NA,"8/12/2020",2020,"VS",1,"Tall Emergent Plants/Forbs/Graminoids (≥0.5m)",4,"Carex utriculata","Northwest Territory sedge",20,501288,"Poales","Cyperales","Carex",FALSE,FALSE,"CAUT",5,FALSE,FALSE,FALSE,TRUE,FALSE,FALSE,FALSE,FALSE,FALSE,FALSE,501288,"Carex utriculata",NA,"Boott",FALSE
"GRME01",218,NA,NA,"7/27/2023",2023,"VS",1,"Tall Emergent Plants/Forbs/Graminoids (≥0.5m)",4,"Carex stricta","upright sedge",30,39435,"Poales","Cyperaceae","Carex",FALSE,FALSE,"CAST8",4,FALSE,FALSE,FALSE,TRUE,FALSE,FALSE,FALSE,FALSE,FALSE,FALSE,39435,"Carex stricta",NA,"Lam.",FALSE
"GRME01",218,NA,NA,"7/27/2023",2023,"VS",1,"Tall Emergent Plants/Forbs/Graminoids (≥0.5m)",4,"Calamagrostis canadensis","bluejoint",45,40544,"Poales","Poaceae","Calamagrostis",FALSE,FALSE,"CACA4",3,FALSE,FALSE,FALSE,TRUE,FALSE,FALSE,FALSE,FALSE,FALSE,FALSE,40544,"Calamagrostis canadensis",NA,"(Michx.) P. Beauv.",FALSE
"GRME01",218,NA,NA,"7/27/2023",2023,"VS",1,"Short Woody Plants (shrubs and trees <5m)",5,"Myrica gale","sweetgale",25,19265,"Fagales","Myricaceae","Myrica",FALSE,FALSE,"MYGA",5,FALSE,FALSE,FALSE,FALSE,FALSE,FALSE,TRUE,FALSE,FALSE,FALSE,19265,"Myrica gale",NA,"L.",FALSE
"GRME01",218,NA,NA,"7/27/2023",2023,"VS",1,"Tall Woody Plants (shrubs and trees ≥5.0m)",6,"Betula populifolia","gray birch",10,19497,"Fagales","Betulaceae","Betula",FALSE,FALSE,"BEPO",2,FALSE,FALSE,FALSE,FALSE,FALSE,FALSE,FALSE,TRUE,FALSE,TRUE,19497,"Betula populifolia",NA,"Marshall",FALSE
"GRME02",223,NA,NA,"7/25/2023",2023,"VS",1,"Tall Emergent Plants/Forbs/Graminoids (≥0.5m)",4,"Carex lacustris","hairy sedge",28,39409,"Poales","Cyperaceae","Carex",FALSE,FALSE,"CALA16",4,FALSE,FALSE,FALSE,TRUE,FALSE,FALSE,FALSE,FALSE,FALSE,FALSE,39409,"Carex lacustris",NA,"Willd.",FALSE
"GRME02",223,NA,NA,"7/25/2023",2023,"VS",1,"Tall Emergent Plants/Forbs/Graminoids (≥0.5m)",4,"Calamagrostis canadensis","bluejoint",25,40544,"Poales","Poaceae","Calamagrostis",FALSE,FALSE,"CACA4",3,FALSE,FALSE,FALSE,TRUE,FALSE,FALSE,FALSE,FALSE,FALSE,FALSE,40544,"Calamagrostis canadensis",NA,"(Michx.) P. Beauv.",FALSE
"GRME02",223,NA,NA,"7/25/2023",2023,"VS",1,"Tall Emergent Plants/Forbs/Graminoids (≥0.5m)",4,"Carex stricta","upright sedge",15,39435,"Poales","Cyperaceae","Carex",FALSE,FALSE,"CAST8",4,FALSE,FALSE,FALSE,TRUE,FALSE,FALSE,FALSE,FALSE,FALSE,FALSE,39435,"Carex stricta",NA,"Lam.",FALSE
"GRME02",223,NA,NA,"7/25/2023",2023,"VS",1,"Tall Emergent Plants/Forbs/Graminoids (≥0.5m)",4,"Typha latifolia","broadleaf cattail",50,42326,"Poales","Typhaceae","Typha",FALSE,FALSE,"TYLA",2,FALSE,FALSE,FALSE,FALSE,TRUE,FALSE,FALSE,FALSE,FALSE,FALSE,42326,"Typha latifolia",NA,"L.",FALSE
"GRME02",223,NA,NA,"7/25/2023",2023,"VS",1,"Short Woody Plants (shrubs and trees <5m)",5,"Frangula alnus",NA,1,NA,NA,NA,NA,NA,NA,NA,NA,NA,NA,NA,NA,NA,NA,NA,NA,NA,NA,NA,NA,NA,NA,NA
"GRME02",223,NA,NA,"7/25/2023",2023,"VS",1,"Tall Woody Plants (shrubs and trees ≥5.0m)",6,"Myrica gale","sweetgale",10,19265,"Fagales","Myricaceae","Myrica",FALSE,FALSE,"MYGA",5,FALSE,FALSE,FALSE,FALSE,FALSE,FALSE,TRUE,FALSE,FALSE,FALSE,19265,"Myrica gale",NA,"L.",FALSE
"GRME02",223,NA,NA,"7/25/2023",2023,"VS",1,"Tall Woody Plants (shrubs and trees ≥5.0m)",6,"Frangula alnus",NA,1,NA,NA,NA,NA,NA,NA,NA,NA,NA,NA,NA,NA,NA,NA,NA,NA,NA,NA,NA,NA,NA,NA,NA
"GRME03",215,NA,NA,"7/27/2023",2023,"VS",1,"Tall Emergent Plants/Forbs/Graminoids (≥0.5m)",4,"Carex stricta","upright sedge",40,39435,"Poales","Cyperaceae","Carex",FALSE,FALSE,"CAST8",4,FALSE,FALSE,FALSE,TRUE,FALSE,FALSE,FALSE,FALSE,FALSE,FALSE,39435,"Carex stricta",NA,"Lam.",FALSE
"GRME03",215,NA,NA,"7/27/2023",2023,"VS",1,"Tall Emergent Plants/Forbs/Graminoids (≥0.5m)",4,"Osmundastrum cinnamomea","cinnamon fern",20,897944,"Osmundales","Osmundacea","Osmundastrum",FALSE,FALSE,"OSCI2",4,FALSE,FALSE,TRUE,FALSE,TRUE,FALSE,FALSE,FALSE,FALSE,FALSE,897944,"Osmundastrum cinnamomea","Osmunda cinnamomea","(L.) C. Presl",FALSE
"GRME03",215,NA,NA,"7/27/2023",2023,"VS",1,"Short Woody Plants (shrubs and trees <5m)",5,"Frangula alnus",NA,2,NA,NA,NA,NA,NA,NA,NA,NA,NA,NA,NA,NA,NA,NA,NA,NA,NA,NA,NA,NA,NA,NA,NA
"GRME03",215,NA,NA,"7/27/2023",2023,"VS",1,"Tall Woody Plants (shrubs and trees ≥5.0m)",6,"Acer rubrum","red maple",70,28728,"Sapindales","Sapindaceae","Acer",FALSE,FALSE,"ACRU",3,FALSE,FALSE,FALSE,FALSE,FALSE,FALSE,FALSE,TRUE,FALSE,FALSE,28728,"Acer rubrum",NA,"L.",FALSE
"GRME03",215,NA,NA,"7/27/2023",2023,"VS",1,"Tall Woody Plants (shrubs and trees ≥5.0m)",6,"Betula papyrifera","paper birch",16,19489,"Fagales","Betulaceae","Betula",FALSE,FALSE,"BEPA",3,FALSE,FALSE,FALSE,FALSE,FALSE,FALSE,FALSE,TRUE,FALSE,FALSE,19489,"Betula papyrifera","Betula papyrifera var. papyrifera","Marshall",FALSE
"GRME04",222,NA,NA,"7/27/2023",2023,"VS",1,"Tall Emergent Plants/Forbs/Graminoids (≥0.5m)",4,"Carex stricta","upright sedge",65,39435,"Poales","Cyperaceae","Carex",FALSE,FALSE,"CAST8",4,FALSE,FALSE,FALSE,TRUE,FALSE,FALSE,FALSE,FALSE,FALSE,FALSE,39435,"Carex stricta",NA,"Lam.",FALSE
"GRME04",222,NA,NA,"7/27/2023",2023,"VS",1,"Tall Emergent Plants/Forbs/Graminoids (≥0.5m)",4,"Calamagrostis canadensis","bluejoint",12,40544,"Poales","Poaceae","Calamagrostis",FALSE,FALSE,"CACA4",3,FALSE,FALSE,FALSE,TRUE,FALSE,FALSE,FALSE,FALSE,FALSE,FALSE,40544,"Calamagrostis canadensis",NA,"(Michx.) P. Beauv.",FALSE
"GRME04",222,NA,NA,"7/27/2023",2023,"VS",1,"Short Woody Plants (shrubs and trees <5m)",5,"Frangula alnus",NA,2,NA,NA,NA,NA,NA,NA,NA,NA,NA,NA,NA,NA,NA,NA,NA,NA,NA,NA,NA,NA,NA,NA,NA
"GRME04",222,NA,NA,"7/27/2023",2023,"VS",1,"Tall Woody Plants (shrubs and trees ≥5.0m)",6,"Acer rubrum","red maple",60,28728,"Sapindales","Sapindaceae","Acer",FALSE,FALSE,"ACRU",3,FALSE,FALSE,FALSE,FALSE,FALSE,FALSE,FALSE,TRUE,FALSE,FALSE,28728,"Acer rubrum",NA,"L.",FALSE
"GRME05",219,NA,NA,"7/25/2023",2023,"VS",1,"Tall Emergent Plants/Forbs/Graminoids (≥0.5m)",4,"Calamagrostis canadensis","bluejoint",50,40544,"Poales","Poaceae","Calamagrostis",FALSE,FALSE,"CACA4",3,FALSE,FALSE,FALSE,TRUE,FALSE,FALSE,FALSE,FALSE,FALSE,FALSE,40544,"Calamagrostis canadensis",NA,"(Michx.) P. Beauv.",FALSE
"GRME05",219,NA,NA,"7/25/2023",2023,"VS",1,"Tall Emergent Plants/Forbs/Graminoids (≥0.5m)",4,"Carex lacustris","hairy sedge",22,39409,"Poales","Cyperaceae","Carex",FALSE,FALSE,"CALA16",4,FALSE,FALSE,FALSE,TRUE,FALSE,FALSE,FALSE,FALSE,FALSE,FALSE,39409,"Carex lacustris",NA,"Willd.",FALSE
"GRME05",219,NA,NA,"7/25/2023",2023,"VS",1,"Tall Emergent Plants/Forbs/Graminoids (≥0.5m)",4,"Carex lasiocarpa","woolly-fruit sedge",14,39459,"Poales","Cyperaceae","Carex",FALSE,FALSE,"CALA11",6,FALSE,FALSE,FALSE,TRUE,FALSE,FALSE,FALSE,FALSE,FALSE,FALSE,39459,"Carex lasiocarpa",NA,"Ehrh.",FALSE
"GRME05",219,NA,NA,"7/25/2023",2023,"VS",1,"Tall Emergent Plants/Forbs/Graminoids (≥0.5m)",4,"Carex utriculata","Northwest Territory sedge",30,501288,"Poales","Cyperales","Carex",FALSE,FALSE,"CAUT",5,FALSE,FALSE,FALSE,TRUE,FALSE,FALSE,FALSE,FALSE,FALSE,FALSE,501288,"Carex utriculata",NA,"Boott",FALSE
"GRME06",221,NA,NA,"7/27/2023",2023,"VS",1,"Short Emergent Plants/Forbs/Graminoids (<0.5m)",3,"Carex brunnescens","brownish sedge",16,39446,"Poales","Cyperaceae","Carex",FALSE,FALSE,"CABR15",4,FALSE,FALSE,FALSE,TRUE,FALSE,FALSE,FALSE,FALSE,FALSE,FALSE,39446,"Carex brunnescens",NA,"(Pers.) Poir.",FALSE
"GRME06",221,NA,NA,"7/27/2023",2023,"VS",1,"Tall Emergent Plants/Forbs/Graminoids (≥0.5m)",4,"Carex stricta","upright sedge",50,39435,"Poales","Cyperaceae","Carex",FALSE,FALSE,"CAST8",4,FALSE,FALSE,FALSE,TRUE,FALSE,FALSE,FALSE,FALSE,FALSE,FALSE,39435,"Carex stricta",NA,"Lam.",FALSE
"GRME06",221,NA,NA,"7/27/2023",2023,"VS",1,"Tall Emergent Plants/Forbs/Graminoids (≥0.5m)",4,"Calamagrostis canadensis","bluejoint",10,40544,"Poales","Poaceae","Calamagrostis",FALSE,FALSE,"CACA4",3,FALSE,FALSE,FALSE,TRUE,FALSE,FALSE,FALSE,FALSE,FALSE,FALSE,40544,"Calamagrostis canadensis",NA,"(Michx.) P. Beauv.",FALSE
"GRME06",221,NA,NA,"7/27/2023",2023,"VS",1,"Short Woody Plants (shrubs and trees <5m)",5,"Frangula alnus",NA,3,NA,NA,NA,NA,NA,NA,NA,NA,NA,NA,NA,NA,NA,NA,NA,NA,NA,NA,NA,NA,NA,NA,NA
"GRME06",221,NA,NA,"7/27/2023",2023,"VS",1,"Tall Woody Plants (shrubs and trees ≥5.0m)",6,"Acer rubrum","red maple",40,28728,"Sapindales","Sapindaceae","Acer",FALSE,FALSE,"ACRU",3,FALSE,FALSE,FALSE,FALSE,FALSE,FALSE,FALSE,TRUE,FALSE,FALSE,28728,"Acer rubrum",NA,"L.",FALSE
"GRME06",221,NA,NA,"7/27/2023",2023,"VS",1,"Tall Woody Plants (shrubs and trees ≥5.0m)",6,"Vaccinium corymbosum","highbush blueberry",13,23573,"Ericales","Ericaceae","Vaccinium",FALSE,FALSE,"VACO",4,FALSE,FALSE,FALSE,FALSE,FALSE,FALSE,TRUE,FALSE,FALSE,FALSE,23573,"Vaccinium corymbosum",NA,"L.",FALSE
"GRME06",221,NA,NA,"7/27/2023",2023,"VS",1,"Tall Woody Plants (shrubs and trees ≥5.0m)",6,"Betula populifolia","gray birch",10,19497,"Fagales","Betulaceae","Betula",FALSE,FALSE,"BEPO",2,FALSE,FALSE,FALSE,FALSE,FALSE,FALSE,FALSE,TRUE,FALSE,TRUE,19497,"Betula populifolia",NA,"Marshall",FALSE
"GRME07",217,NA,NA,"7/27/2023",2023,"VS",1,"Tall Emergent Plants/Forbs/Graminoids (≥0.5m)",4,"Carex stricta","upright sedge",35,39435,"Poales","Cyperaceae","Carex",FALSE,FALSE,"CAST8",4,FALSE,FALSE,FALSE,TRUE,FALSE,FALSE,FALSE,FALSE,FALSE,FALSE,39435,"Carex stricta",NA,"Lam.",FALSE
"GRME07",217,NA,NA,"7/27/2023",2023,"VS",1,"Tall Emergent Plants/Forbs/Graminoids (≥0.5m)",4,"Calamagrostis canadensis","bluejoint",40,40544,"Poales","Poaceae","Calamagrostis",FALSE,FALSE,"CACA4",3,FALSE,FALSE,FALSE,TRUE,FALSE,FALSE,FALSE,FALSE,FALSE,FALSE,40544,"Calamagrostis canadensis",NA,"(Michx.) P. Beauv.",FALSE
"GRME07",217,NA,NA,"7/27/2023",2023,"VS",1,"Short Woody Plants (shrubs and trees <5m)",5,"Myrica gale","sweetgale",12,19265,"Fagales","Myricaceae","Myrica",FALSE,FALSE,"MYGA",5,FALSE,FALSE,FALSE,FALSE,FALSE,FALSE,TRUE,FALSE,FALSE,FALSE,19265,"Myrica gale",NA,"L.",FALSE
"GRME07",217,NA,NA,"7/27/2023",2023,"VS",1,"Short Woody Plants (shrubs and trees <5m)",5,"Frangula alnus",NA,0.5,NA,NA,NA,NA,NA,NA,NA,NA,NA,NA,NA,NA,NA,NA,NA,NA,NA,NA,NA,NA,NA,NA,NA
"GRME07",217,NA,NA,"7/27/2023",2023,"VS",1,"Tall Woody Plants (shrubs and trees ≥5.0m)",6,"Betula populifolia","gray birch",12,19497,"Fagales","Betulaceae","Betula",FALSE,FALSE,"BEPO",2,FALSE,FALSE,FALSE,FALSE,FALSE,FALSE,FALSE,TRUE,FALSE,TRUE,19497,"Betula populifolia",NA,"Marshall",FALSE
"GRME07",217,NA,NA,"7/27/2023",2023,"VS",1,"Tall Woody Plants (shrubs and trees ≥5.0m)",6,"Acer rubrum","red maple",10,28728,"Sapindales","Sapindaceae","Acer",FALSE,FALSE,"ACRU",3,FALSE,FALSE,FALSE,FALSE,FALSE,FALSE,FALSE,TRUE,FALSE,FALSE,28728,"Acer rubrum",NA,"L.",FALSE
"GRME08",214,NA,NA,"7/25/2023",2023,"VS",1,"Tall Emergent Plants/Forbs/Graminoids (≥0.5m)",4,"Calamagrostis canadensis","bluejoint",32,40544,"Poales","Poaceae","Calamagrostis",FALSE,FALSE,"CACA4",3,FALSE,FALSE,FALSE,TRUE,FALSE,FALSE,FALSE,FALSE,FALSE,FALSE,40544,"Calamagrostis canadensis",NA,"(Michx.) P. Beauv.",FALSE
"GRME08",214,NA,NA,"7/25/2023",2023,"VS",1,"Tall Emergent Plants/Forbs/Graminoids (≥0.5m)",4,"Carex lacustris","hairy sedge",35,39409,"Poales","Cyperaceae","Carex",FALSE,FALSE,"CALA16",4,FALSE,FALSE,FALSE,TRUE,FALSE,FALSE,FALSE,FALSE,FALSE,FALSE,39409,"Carex lacustris",NA,"Willd.",FALSE
"GRME08",214,NA,NA,"7/25/2023",2023,"VS",1,"Tall Emergent Plants/Forbs/Graminoids (≥0.5m)",4,"Carex lasiocarpa","woolly-fruit sedge",10,39459,"Poales","Cyperaceae","Carex",FALSE,FALSE,"CALA11",6,FALSE,FALSE,FALSE,TRUE,FALSE,FALSE,FALSE,FALSE,FALSE,FALSE,39459,"Carex lasiocarpa",NA,"Ehrh.",FALSE
"GRME08",214,NA,NA,"7/25/2023",2023,"VS",1,"Tall Emergent Plants/Forbs/Graminoids (≥0.5m)",4,"Carex utriculata","Northwest Territory sedge",13,501288,"Poales","Cyperales","Carex",FALSE,FALSE,"CAUT",5,FALSE,FALSE,FALSE,TRUE,FALSE,FALSE,FALSE,FALSE,FALSE,FALSE,501288,"Carex utriculata",NA,"Boott",FALSE
"GRME08",214,NA,NA,"7/25/2023",2023,"VS",1,"Short Woody Plants (shrubs and trees <5m)",5,"Myrica gale","sweetgale",20,19265,"Fagales","Myricaceae","Myrica",FALSE,FALSE,"MYGA",5,FALSE,FALSE,FALSE,FALSE,FALSE,FALSE,TRUE,FALSE,FALSE,FALSE,19265,"Myrica gale",NA,"L.",FALSE
"GRME09",216,NA,NA,"7/27/2023",2023,"VS",1,"Tall Emergent Plants/Forbs/Graminoids (≥0.5m)",4,"Osmundastrum cinnamomea","cinnamon fern",10,897944,"Osmundales","Osmundacea","Osmundastrum",FALSE,FALSE,"OSCI2",4,FALSE,FALSE,TRUE,FALSE,TRUE,FALSE,FALSE,FALSE,FALSE,FALSE,897944,"Osmundastrum cinnamomea","Osmunda cinnamomea","(L.) C. Presl",FALSE
"GRME09",216,NA,NA,"7/27/2023",2023,"VS",1,"Tall Emergent Plants/Forbs/Graminoids (≥0.5m)",4,"Carex stricta","upright sedge",18,39435,"Poales","Cyperaceae","Carex",FALSE,FALSE,"CAST8",4,FALSE,FALSE,FALSE,TRUE,FALSE,FALSE,FALSE,FALSE,FALSE,FALSE,39435,"Carex stricta",NA,"Lam.",FALSE
"GRME09",216,NA,NA,"7/27/2023",2023,"VS",1,"Short Woody Plants (shrubs and trees <5m)",5,"Kalmia angustifolia","sheep laurel",27,503278,"Ericales","Ericaceae","Kalmia",FALSE,FALSE,"KAAN",4,FALSE,FALSE,FALSE,FALSE,FALSE,FALSE,TRUE,FALSE,FALSE,FALSE,503278,"Kalmia angustifolia",NA,"L.",FALSE
"GRME09",216,NA,NA,"7/27/2023",2023,"VS",1,"Short Woody Plants (shrubs and trees <5m)",5,"Frangula alnus",NA,1,NA,NA,NA,NA,NA,NA,NA,NA,NA,NA,NA,NA,NA,NA,NA,NA,NA,NA,NA,NA,NA,NA,NA
"GRME09",216,NA,NA,"7/27/2023",2023,"VS",1,"Tall Woody Plants (shrubs and trees ≥5.0m)",6,"Betula populifolia","gray birch",15,19497,"Fagales","Betulaceae","Betula",FALSE,FALSE,"BEPO",2,FALSE,FALSE,FALSE,FALSE,FALSE,FALSE,FALSE,TRUE,FALSE,TRUE,19497,"Betula populifolia",NA,"Marshall",FALSE
"GRME09",216,NA,NA,"7/27/2023",2023,"VS",1,"Tall Woody Plants (shrubs and trees ≥5.0m)",6,"Acer rubrum","red maple",15,28728,"Sapindales","Sapindaceae","Acer",FALSE,FALSE,"ACRU",3,FALSE,FALSE,FALSE,FALSE,FALSE,FALSE,FALSE,TRUE,FALSE,FALSE,28728,"Acer rubrum",NA,"L.",FALSE
"GRME10",220,NA,NA,"7/25/2023",2023,"VS",1,"Tall Emergent Plants/Forbs/Graminoids (≥0.5m)",4,"Carex lacustris","hairy sedge",15,39409,"Poales","Cyperaceae","Carex",FALSE,FALSE,"CALA16",4,FALSE,FALSE,FALSE,TRUE,FALSE,FALSE,FALSE,FALSE,FALSE,FALSE,39409,"Carex lacustris",NA,"Willd.",FALSE
"GRME10",220,NA,NA,"7/25/2023",2023,"VS",1,"Tall Emergent Plants/Forbs/Graminoids (≥0.5m)",4,"Calamagrostis canadensis","bluejoint",35,40544,"Poales","Poaceae","Calamagrostis",FALSE,FALSE,"CACA4",3,FALSE,FALSE,FALSE,TRUE,FALSE,FALSE,FALSE,FALSE,FALSE,FALSE,40544,"Calamagrostis canadensis",NA,"(Michx.) P. Beauv.",FALSE
"GRME10",220,NA,NA,"7/25/2023",2023,"VS",1,"Tall Emergent Plants/Forbs/Graminoids (≥0.5m)",4,"Carex utriculata","Northwest Territory sedge",20,501288,"Poales","Cyperales","Carex",FALSE,FALSE,"CAUT",5,FALSE,FALSE,FALSE,TRUE,FALSE,FALSE,FALSE,FALSE,FALSE,FALSE,501288,"Carex utriculata",NA,"Boott",FALSE
"GRME10",220,NA,NA,"7/25/2023",2023,"VS",1,"Tall Emergent Plants/Forbs/Graminoids (≥0.5m)",4,"Carex stricta","upright sedge",20,39435,"Poales","Cyperaceae","Carex",FALSE,FALSE,"CAST8",4,FALSE,FALSE,FALSE,TRUE,FALSE,FALSE,FALSE,FALSE,FALSE,FALSE,39435,"Carex stricta",NA,"Lam.",FALSE
"GRME10",220,NA,NA,"7/25/2023",2023,"VS",1,"Tall Emergent Plants/Forbs/Graminoids (≥0.5m)",4,"Carex lasiocarpa","woolly-fruit sedge",20,39459,"Poales","Cyperaceae","Carex",FALSE,FALSE,"CALA11",6,FALSE,FALSE,FALSE,TRUE,FALSE,FALSE,FALSE,FALSE,FALSE,FALSE,39459,"Carex lasiocarpa",NA,"Ehrh.",FALSE
