Code,Location_ID,Visit_ID,Panel,Date,Year,Visit_Type,limited_RAM,Latin_Name,Common,Quadrat_NE,Quadrat_SE,Quadrat_SW,Quadrat_NW,quad_freq,Collected,Comments,TSN,Order,Family,Genus,Exotic,Invasive,PLANTS_Code,CoC_ME_ACAD,ACAD_ED,Aquatic,Fern_Ally,Graminoid,Herbaceous,Moss_Lichen,Shrub,Tree,Vine,Canopy_Exclusion,TSN_Accepted,Accepted_Latin_Name,Synonym,Author,Protected_species
GRME10,220,NA,NA,8/14/2015,2015,VS,1,Carex lacustris,,1,1,1,1,,0,NA,,,,,,,,,NA,NA,NA,NA,NA,NA,NA,NA,NA,NA,NA,NA,NA,NA,NA
GRME10,220,NA,NA,8/14/2015,2015,VS,1,Calamagrostis canadensis,,1,1,1,1,,0,NA,,,,,,,,,NA,NA,NA,NA,NA,NA,NA,NA,NA,NA,NA,NA,NA,NA,NA
GRME10,220,NA,NA,8/14/2015,2015,VS,1,Spiraea alba,,1,1,1,1,,0,NA,,,,,,,,,NA,NA,NA,NA,NA,NA,NA,NA,NA,NA,NA,NA,NA,NA,NA
GRME10,220,NA,NA,8/14/2015,2015,VS,1,Carex stricta,,1,1,1,1,,0,NA,,,,,,,,,NA,NA,NA,NA,NA,NA,NA,NA,NA,NA,NA,NA,NA,NA,NA
GRME10,220,NA,NA,8/14/2015,2015,VS,1,Salix petiolaris,,1,1,0,0,,0,NA,,,,,,,,,NA,NA,NA,NA,NA,NA,NA,NA,NA,NA,NA,NA,NA,NA,NA
GRME10,220,NA,NA,8/14/2015,2015,VS,1,Carex lasiocarpa,,1,1,1,1,,0,NA,,,,,,,,,NA,NA,NA,NA,NA,NA,NA,NA,NA,NA,NA,NA,NA,NA,NA
GRME10,220,NA,NA,8/14/2015,2015,VS,1,Myrica gale,,0,1,1,0,,0,NA,,,,,,,,,NA,NA,NA,NA,NA,NA,NA,NA,NA,NA,NA,NA,NA,NA,NA
GRME10,220,NA,NA,8/14/2015,2015,VS,1,Dulichium arundinaceum,,0,0,1,1,,0,NA,,,,,,,,,NA,NA,NA,NA,NA,NA,NA,NA,NA,NA,NA,NA,NA,NA,NA
GRME10,220,NA,NA,8/14/2015,2015,VS,1,Triadenum fraseri,,1,0,1,0,,0,NA,,,,,,,,,NA,NA,NA,NA,NA,NA,NA,NA,NA,NA,NA,NA,NA,NA,NA
GRME10,220,NA,NA,8/14/2015,2015,VS,1,Juncus canadensis,,0,0,1,0,,0,NA,,,,,,,,,NA,NA,NA,NA,NA,NA,NA,NA,NA,NA,NA,NA,NA,NA,NA
GRME10,220,NA,NA,8/14/2015,2015,VS,1,Scirpus cyperinus,,1,0,1,0,,0,NA,,,,,,,,,NA,NA,NA,NA,NA,NA,NA,NA,NA,NA,NA,NA,NA,NA,NA
GRME10,220,NA,NA,8/14/2015,2015,VS,1,Frangula alnus,,0,0,0,1,,0,NA,,,,,,,,,NA,NA,NA,NA,NA,NA,NA,NA,NA,NA,NA,NA,NA,NA,NA
GRME10,220,NA,NA,8/14/2015,2015,VS,1,Carex vesicaria,,1,0,0,0,,0,NA,,,,,,,,,NA,NA,NA,NA,NA,NA,NA,NA,NA,NA,NA,NA,NA,NA,NA
GRME09,216,NA,NA,8/14/2015,2015,VS,1,Acer rubrum,,1,1,1,1,,0,NA,,,,,,,,,NA,NA,NA,NA,NA,NA,NA,NA,NA,NA,NA,NA,NA,NA,NA
GRME03,215,NA,NA,7/28/2015,2015,VS,1,Betula alleghaniensis,,0,0,0,1,,0,NA,,,,,,,,,NA,NA,NA,NA,NA,NA,NA,NA,NA,NA,NA,NA,NA,NA,NA
GRME09,216,NA,NA,8/14/2015,2015,VS,1,Calamagrostis canadensis,,1,1,0,1,,0,NA,,,,,,,,,NA,NA,NA,NA,NA,NA,NA,NA,NA,NA,NA,NA,NA,NA,NA
GRME09,216,NA,NA,8/14/2015,2015,VS,1,Frangula alnus,,1,1,1,1,,0,NA,,,,,,,,,NA,NA,NA,NA,NA,NA,NA,NA,NA,NA,NA,NA,NA,NA,NA
GRME09,216,NA,NA,8/14/2015,2015,VS,1,Carex stricta,,0,0,1,1,,0,NA,,,,,,,,,NA,NA,NA,NA,NA,NA,NA,NA,NA,NA,NA,NA,NA,NA,NA
GRME09,216,NA,NA,8/14/2015,2015,VS,1,Maianthemum canadense,,1,0,1,1,,0,NA,,,,,,,,,NA,NA,NA,NA,NA,NA,NA,NA,NA,NA,NA,NA,NA,NA,NA
GRME09,216,NA,NA,8/14/2015,2015,VS,1,Doellingeria umbellata,,1,1,1,1,,0,NA,,,,,,,,,NA,NA,NA,NA,NA,NA,NA,NA,NA,NA,NA,NA,NA,NA,NA
GRME09,216,NA,NA,8/14/2015,2015,VS,1,Carex trisperma,,0,1,1,1,,0,NA,,,,,,,,,NA,NA,NA,NA,NA,NA,NA,NA,NA,NA,NA,NA,NA,NA,NA
GRME09,216,NA,NA,8/14/2015,2015,VS,1,Rubus hispidus,,0,0,1,1,,0,NA,,,,,,,,,NA,NA,NA,NA,NA,NA,NA,NA,NA,NA,NA,NA,NA,NA,NA
GRME09,216,NA,NA,8/14/2015,2015,VS,1,Dryopteris carthusiana,,0,0,0,1,,0,NA,,,,,,,,,NA,NA,NA,NA,NA,NA,NA,NA,NA,NA,NA,NA,NA,NA,NA
GRME09,216,NA,NA,8/14/2015,2015,VS,1,Vaccinium corymbosum,,1,1,1,1,,0,NA,,,,,,,,,NA,NA,NA,NA,NA,NA,NA,NA,NA,NA,NA,NA,NA,NA,NA
GRME09,216,NA,NA,8/14/2015,2015,VS,1,Betula papyrifera,,0,1,1,1,,0,NA,,,,,,,,,NA,NA,NA,NA,NA,NA,NA,NA,NA,NA,NA,NA,NA,NA,NA
GRME09,216,NA,NA,8/14/2015,2015,VS,1,Betula populifolia,,1,1,1,1,,0,NA,,,,,,,,,NA,NA,NA,NA,NA,NA,NA,NA,NA,NA,NA,NA,NA,NA,NA
GRME09,216,NA,NA,8/14/2015,2015,VS,1,Lysimachia borealis,,1,1,1,1,,0,NA,,,,,,,,,NA,NA,NA,NA,NA,NA,NA,NA,NA,NA,NA,NA,NA,NA,NA
GRME09,216,NA,NA,8/14/2015,2015,VS,1,Carex atlantica,,1,1,1,1,,0,NA,,,,,,,,,NA,NA,NA,NA,NA,NA,NA,NA,NA,NA,NA,NA,NA,NA,NA
GRME09,216,NA,NA,8/14/2015,2015,VS,1,Ilex mucronata,,1,1,0,1,,0,NA,,,,,,,,,NA,NA,NA,NA,NA,NA,NA,NA,NA,NA,NA,NA,NA,NA,NA
GRME09,216,NA,NA,8/14/2015,2015,VS,1,Vaccinium angustifolium,,0,0,1,1,,0,NA,,,,,,,,,NA,NA,NA,NA,NA,NA,NA,NA,NA,NA,NA,NA,NA,NA,NA
GRME09,216,NA,NA,8/14/2015,2015,VS,1,Picea rubens,,0,0,0,1,,0,NA,,,,,,,,,NA,NA,NA,NA,NA,NA,NA,NA,NA,NA,NA,NA,NA,NA,NA
GRME09,216,NA,NA,8/14/2015,2015,VS,1,Carex novae-angliae,,1,0,0,1,,0,NA,,,,,,,,,NA,NA,NA,NA,NA,NA,NA,NA,NA,NA,NA,NA,NA,NA,NA
GRME09,216,NA,NA,8/14/2015,2015,VS,1,Scirpus cyperinus,,0,0,0,1,,0,NA,,,,,,,,,NA,NA,NA,NA,NA,NA,NA,NA,NA,NA,NA,NA,NA,NA,NA
GRME09,216,NA,NA,8/14/2015,2015,VS,1,Kalmia angustifolia,,1,1,0,1,,0,NA,,,,,,,,,NA,NA,NA,NA,NA,NA,NA,NA,NA,NA,NA,NA,NA,NA,NA
GRME09,216,NA,NA,8/14/2015,2015,VS,1,Rhododendron canadense,,1,1,0,1,,0,NA,,,,,,,,,NA,NA,NA,NA,NA,NA,NA,NA,NA,NA,NA,NA,NA,NA,NA
GRME09,216,NA,NA,8/14/2015,2015,VS,1,Carex debilis,,1,1,0,0,,0,NA,,,,,,,,,NA,NA,NA,NA,NA,NA,NA,NA,NA,NA,NA,NA,NA,NA,NA
GRME09,216,NA,NA,8/14/2015,2015,VS,1,Chamaedaphne calyculata,,1,0,0,0,,0,NA,,,,,,,,,NA,NA,NA,NA,NA,NA,NA,NA,NA,NA,NA,NA,NA,NA,NA
GRME09,216,NA,NA,8/14/2015,2015,VS,1,Carex brunnescens,,0,1,1,0,,0,NA,,,,,,,,,NA,NA,NA,NA,NA,NA,NA,NA,NA,NA,NA,NA,NA,NA,NA
GRME09,216,NA,NA,8/14/2015,2015,VS,1,Monotropa uniflora,,0,1,0,0,,0,NA,,,,,,,,,NA,NA,NA,NA,NA,NA,NA,NA,NA,NA,NA,NA,NA,NA,NA
GRME09,216,NA,NA,8/14/2015,2015,VS,1,Spiraea alba,,0,1,0,0,,0,NA,,,,,,,,,NA,NA,NA,NA,NA,NA,NA,NA,NA,NA,NA,NA,NA,NA,NA
GRME09,216,NA,NA,8/14/2015,2015,VS,1,Carex folliculata,,0,1,1,0,,0,NA,,,,,,,,,NA,NA,NA,NA,NA,NA,NA,NA,NA,NA,NA,NA,NA,NA,NA
GRME09,216,NA,NA,8/14/2015,2015,VS,1,Pinus strobus,,0,1,1,1,,0,NA,,,,,,,,,NA,NA,NA,NA,NA,NA,NA,NA,NA,NA,NA,NA,NA,NA,NA
GRME09,216,NA,NA,8/14/2015,2015,VS,1,Rhododendron groenlandicum,,0,1,0,0,,0,NA,,,,,,,,,NA,NA,NA,NA,NA,NA,NA,NA,NA,NA,NA,NA,NA,NA,NA
GRME09,216,NA,NA,8/14/2015,2015,VS,1,Ilex verticillata,,0,0,1,0,,0,NA,,,,,,,,,NA,NA,NA,NA,NA,NA,NA,NA,NA,NA,NA,NA,NA,NA,NA
GRME09,216,NA,NA,8/14/2015,2015,VS,1,Glyceria laxa,,0,0,1,0,,0,NA,,,,,,,,,NA,NA,NA,NA,NA,NA,NA,NA,NA,NA,NA,NA,NA,NA,NA
GRME09,216,NA,NA,8/14/2015,2015,VS,1,Salix petiolaris,,1,0,0,0,,0,NA,,,,,,,,,NA,NA,NA,NA,NA,NA,NA,NA,NA,NA,NA,NA,NA,NA,NA
GRME09,216,NA,NA,8/14/2015,2015,VS,1,Larix laricina,,1,1,1,0,,0,NA,,,,,,,,,NA,NA,NA,NA,NA,NA,NA,NA,NA,NA,NA,NA,NA,NA,NA
GRME08,214,NA,NA,8/14/2015,2015,VS,1,Carex lacustris,,1,1,1,1,,0,NA,,,,,,,,,NA,NA,NA,NA,NA,NA,NA,NA,NA,NA,NA,NA,NA,NA,NA
GRME08,214,NA,NA,8/14/2015,2015,VS,1,Carex stricta,,1,1,1,1,,0,NA,,,,,,,,,NA,NA,NA,NA,NA,NA,NA,NA,NA,NA,NA,NA,NA,NA,NA
GRME08,214,NA,NA,8/14/2015,2015,VS,1,Alnus incana ssp. Rugosa,,1,1,0,1,,0,NA,,,,,,,,,NA,NA,NA,NA,NA,NA,NA,NA,NA,NA,NA,NA,NA,NA,NA
GRME08,214,NA,NA,8/14/2015,2015,VS,1,Betula populifolia,,1,1,0,1,,0,NA,,,,,,,,,NA,NA,NA,NA,NA,NA,NA,NA,NA,NA,NA,NA,NA,NA,NA
GRME08,214,NA,NA,8/14/2015,2015,VS,1,Spiraea alba,,1,1,1,1,,0,NA,,,,,,,,,NA,NA,NA,NA,NA,NA,NA,NA,NA,NA,NA,NA,NA,NA,NA
GRME08,214,NA,NA,8/14/2015,2015,VS,1,Calamagrostis canadensis,,1,1,1,1,,0,NA,,,,,,,,,NA,NA,NA,NA,NA,NA,NA,NA,NA,NA,NA,NA,NA,NA,NA
GRME08,214,NA,NA,8/14/2015,2015,VS,1,Populus tremuloides,,0,1,0,0,,0,NA,,,,,,,,,NA,NA,NA,NA,NA,NA,NA,NA,NA,NA,NA,NA,NA,NA,NA
GRME08,214,NA,NA,8/14/2015,2015,VS,1,Lysimachia terrestris,,1,1,1,1,,0,NA,,,,,,,,,NA,NA,NA,NA,NA,NA,NA,NA,NA,NA,NA,NA,NA,NA,NA
GRME08,214,NA,NA,8/14/2015,2015,VS,1,Acer rubrum,,1,1,1,1,,0,NA,,,,,,,,,NA,NA,NA,NA,NA,NA,NA,NA,NA,NA,NA,NA,NA,NA,NA
GRME08,214,NA,NA,8/14/2015,2015,VS,1,Salix bebbiana,,1,1,0,0,,0,NA,,,,,,,,,NA,NA,NA,NA,NA,NA,NA,NA,NA,NA,NA,NA,NA,NA,NA
GRME08,214,NA,NA,8/14/2015,2015,VS,1,Ilex verticillata,,0,1,0,0,,0,NA,,,,,,,,,NA,NA,NA,NA,NA,NA,NA,NA,NA,NA,NA,NA,NA,NA,NA
GRME08,214,NA,NA,8/14/2015,2015,VS,1,Equisetum arvense,,0,1,0,0,,0,NA,,,,,,,,,NA,NA,NA,NA,NA,NA,NA,NA,NA,NA,NA,NA,NA,NA,NA
GRME08,214,NA,NA,8/14/2015,2015,VS,1,Myrica gale,,1,1,1,1,,0,NA,,,,,,,,,NA,NA,NA,NA,NA,NA,NA,NA,NA,NA,NA,NA,NA,NA,NA
GRME08,214,NA,NA,8/14/2015,2015,VS,1,Salix petiolaris,,1,1,1,1,,0,NA,,,,,,,,,NA,NA,NA,NA,NA,NA,NA,NA,NA,NA,NA,NA,NA,NA,NA
GRME08,214,NA,NA,8/14/2015,2015,VS,1,Thelypteris palustris,,0,1,0,0,,0,NA,,,,,,,,,NA,NA,NA,NA,NA,NA,NA,NA,NA,NA,NA,NA,NA,NA,NA
GRME08,214,NA,NA,8/14/2015,2015,VS,1,Carex lasiocarpa,,0,1,1,1,,0,NA,,,,,,,,,NA,NA,NA,NA,NA,NA,NA,NA,NA,NA,NA,NA,NA,NA,NA
GRME08,214,NA,NA,8/14/2015,2015,VS,1,Pinus strobus,,1,0,0,0,,0,NA,,,,,,,,,NA,NA,NA,NA,NA,NA,NA,NA,NA,NA,NA,NA,NA,NA,NA
GRME08,214,NA,NA,8/14/2015,2015,VS,1,Onoclea sensibilis,,1,0,0,0,,0,NA,,,,,,,,,NA,NA,NA,NA,NA,NA,NA,NA,NA,NA,NA,NA,NA,NA,NA
GRME08,214,NA,NA,8/14/2015,2015,VS,1,Carex brunnescens,,1,0,0,0,,0,NA,,,,,,,,,NA,NA,NA,NA,NA,NA,NA,NA,NA,NA,NA,NA,NA,NA,NA
GRME08,214,NA,NA,8/14/2015,2015,VS,1,Scirpus cyperinus,,1,0,1,1,,0,NA,,,,,,,,,NA,NA,NA,NA,NA,NA,NA,NA,NA,NA,NA,NA,NA,NA,NA
GRME08,214,NA,NA,8/14/2015,2015,VS,1,Iris versicolor,,1,0,0,0,,0,NA,,,,,,,,,NA,NA,NA,NA,NA,NA,NA,NA,NA,NA,NA,NA,NA,NA,NA
GRME08,214,NA,NA,8/14/2015,2015,VS,1,Juncus canadensis,,0,0,0,1,,0,NA,,,,,,,,,NA,NA,NA,NA,NA,NA,NA,NA,NA,NA,NA,NA,NA,NA,NA
GRME08,214,NA,NA,8/14/2015,2015,VS,1,Carex vesicaria,,0,0,0,1,,1,NA,,,,,,,,,NA,NA,NA,NA,NA,NA,NA,NA,NA,NA,NA,NA,NA,NA,NA
GRME08,214,NA,NA,8/14/2015,2015,VS,1,Dulichium arundinaceum,,0,0,1,1,,0,NA,,,,,,,,,NA,NA,NA,NA,NA,NA,NA,NA,NA,NA,NA,NA,NA,NA,NA
GRME08,214,NA,NA,8/14/2015,2015,VS,1,Triadenum fraseri,,0,0,1,0,,0,NA,,,,,,,,,NA,NA,NA,NA,NA,NA,NA,NA,NA,NA,NA,NA,NA,NA,NA
GRME06,221,NA,NA,8/10/2015,2015,VS,1,Larix laricina,,0,1,0,0,,0,NA,,,,,,,,,NA,NA,NA,NA,NA,NA,NA,NA,NA,NA,NA,NA,NA,NA,NA
GRME07,217,NA,NA,8/14/2015,2015,VS,1,Eurybia radula,,0,0,0,1,,0,NA,,,,,,,,,NA,NA,NA,NA,NA,NA,NA,NA,NA,NA,NA,NA,NA,NA,NA
GRME07,217,NA,NA,8/14/2015,2015,VS,1,Calamagrostis canadensis,,1,1,1,1,,0,NA,,,,,,,,,NA,NA,NA,NA,NA,NA,NA,NA,NA,NA,NA,NA,NA,NA,NA
GRME07,217,NA,NA,8/14/2015,2015,VS,1,Carex stricta,,1,1,1,1,,0,NA,,,,,,,,,NA,NA,NA,NA,NA,NA,NA,NA,NA,NA,NA,NA,NA,NA,NA
GRME07,217,NA,NA,8/14/2015,2015,VS,1,Acer rubrum,,1,1,1,1,,0,NA,,,,,,,,,NA,NA,NA,NA,NA,NA,NA,NA,NA,NA,NA,NA,NA,NA,NA
GRME07,217,NA,NA,8/14/2015,2015,VS,1,Betula populifolia,,1,1,1,1,,0,NA,,,,,,,,,NA,NA,NA,NA,NA,NA,NA,NA,NA,NA,NA,NA,NA,NA,NA
GRME07,217,NA,NA,8/14/2015,2015,VS,1,Spiraea alba,,1,1,1,1,,0,NA,,,,,,,,,NA,NA,NA,NA,NA,NA,NA,NA,NA,NA,NA,NA,NA,NA,NA
GRME07,217,NA,NA,8/14/2015,2015,VS,1,Lysimachia terrestris,,0,1,1,1,,0,NA,,,,,,,,,NA,NA,NA,NA,NA,NA,NA,NA,NA,NA,NA,NA,NA,NA,NA
GRME07,217,NA,NA,8/14/2015,2015,VS,1,Thelypteris palustris,,0,1,0,1,,0,NA,,,,,,,,,NA,NA,NA,NA,NA,NA,NA,NA,NA,NA,NA,NA,NA,NA,NA
GRME07,217,NA,NA,8/14/2015,2015,VS,1,Osmunda regalis,,1,1,1,1,,0,NA,,,,,,,,,NA,NA,NA,NA,NA,NA,NA,NA,NA,NA,NA,NA,NA,NA,NA
GRME07,217,NA,NA,8/14/2015,2015,VS,1,Alnus incana ssp. Rugosa,,1,0,1,1,,0,NA,,,,,,,,,NA,NA,NA,NA,NA,NA,NA,NA,NA,NA,NA,NA,NA,NA,NA
GRME07,217,NA,NA,8/14/2015,2015,VS,1,Myrica gale,,1,1,1,1,,0,NA,,,,,,,,,NA,NA,NA,NA,NA,NA,NA,NA,NA,NA,NA,NA,NA,NA,NA
GRME07,217,NA,NA,8/14/2015,2015,VS,1,Carex vesicaria,,1,1,0,1,,0,NA,,,,,,,,,NA,NA,NA,NA,NA,NA,NA,NA,NA,NA,NA,NA,NA,NA,NA
GRME07,217,NA,NA,8/14/2015,2015,VS,1,Ilex verticillata,,1,1,0,1,,0,NA,,,,,,,,,NA,NA,NA,NA,NA,NA,NA,NA,NA,NA,NA,NA,NA,NA,NA
GRME07,217,NA,NA,8/14/2015,2015,VS,1,Salix bebbiana,,1,0,0,1,,0,NA,,,,,,,,,NA,NA,NA,NA,NA,NA,NA,NA,NA,NA,NA,NA,NA,NA,NA
GRME07,217,NA,NA,8/14/2015,2015,VS,1,Triadenum fraseri,,1,0,0,0,,0,NA,,,,,,,,,NA,NA,NA,NA,NA,NA,NA,NA,NA,NA,NA,NA,NA,NA,NA
GRME07,217,NA,NA,8/14/2015,2015,VS,1,Carex lacustris,,0,1,0,0,,0,NA,,,,,,,,,NA,NA,NA,NA,NA,NA,NA,NA,NA,NA,NA,NA,NA,NA,NA
GRME07,217,NA,NA,8/14/2015,2015,VS,1,Rubus hispidus,,0,0,1,0,,0,NA,,,,,,,,,NA,NA,NA,NA,NA,NA,NA,NA,NA,NA,NA,NA,NA,NA,NA
GRME07,217,NA,NA,8/14/2015,2015,VS,1,Kalmia angustifolia,,0,0,1,0,,0,NA,,,,,,,,,NA,NA,NA,NA,NA,NA,NA,NA,NA,NA,NA,NA,NA,NA,NA
GRME07,217,NA,NA,8/14/2015,2015,VS,1,Spiraea tomentosa,,0,0,1,0,,0,NA,,,,,,,,,NA,NA,NA,NA,NA,NA,NA,NA,NA,NA,NA,NA,NA,NA,NA
GRME07,217,NA,NA,8/14/2015,2015,VS,1,Viola pallens,,0,0,1,0,,0,NA,,,,,,,,,NA,NA,NA,NA,NA,NA,NA,NA,NA,NA,NA,NA,NA,NA,NA
GRME07,217,NA,NA,8/14/2015,2015,VS,1,Glyceria laxa,,1,1,0,0,,1,Coll #1,,,,,,,,,NA,NA,NA,NA,NA,NA,NA,NA,NA,NA,NA,NA,NA,NA,NA
GRME06,221,NA,NA,8/10/2015,2015,VS,1,Myrica gale,,0,0,0,1,,0,NA,,,,,,,,,NA,NA,NA,NA,NA,NA,NA,NA,NA,NA,NA,NA,NA,NA,NA
GRME06,221,NA,NA,8/10/2015,2015,VS,1,Carex trisperma,,0,0,0,1,,0,NA,,,,,,,,,NA,NA,NA,NA,NA,NA,NA,NA,NA,NA,NA,NA,NA,NA,NA
GRME06,221,NA,NA,8/10/2015,2015,VS,1,Calamagrostis canadensis,,1,1,0,1,,0,NA,,,,,,,,,NA,NA,NA,NA,NA,NA,NA,NA,NA,NA,NA,NA,NA,NA,NA
GRME06,221,NA,NA,8/10/2015,2015,VS,1,Frangula alnus,,1,1,1,1,,0,NA,,,,,,,,,NA,NA,NA,NA,NA,NA,NA,NA,NA,NA,NA,NA,NA,NA,NA
GRME06,221,NA,NA,8/10/2015,2015,VS,1,Lysimachia terrestris,,1,1,0,1,,0,NA,,,,,,,,,NA,NA,NA,NA,NA,NA,NA,NA,NA,NA,NA,NA,NA,NA,NA
GRME06,221,NA,NA,8/10/2015,2015,VS,1,Lysimachia borealis,,0,1,0,1,,0,NA,,,,,,,,,NA,NA,NA,NA,NA,NA,NA,NA,NA,NA,NA,NA,NA,NA,NA
GRME06,221,NA,NA,8/10/2015,2015,VS,1,Carex brunnescens,,1,0,0,0,,0,NA,,,,,,,,,NA,NA,NA,NA,NA,NA,NA,NA,NA,NA,NA,NA,NA,NA,NA
GRME06,221,NA,NA,8/10/2015,2015,VS,1,Vaccinium corymbosum,,1,0,0,0,,0,NA,,,,,,,,,NA,NA,NA,NA,NA,NA,NA,NA,NA,NA,NA,NA,NA,NA,NA
GRME06,221,NA,NA,8/10/2015,2015,VS,1,Rhodora,,1,0,1,0,,0,NA,,,,,,,,,NA,NA,NA,NA,NA,NA,NA,NA,NA,NA,NA,NA,NA,NA,NA
GRME06,221,NA,NA,8/10/2015,2015,VS,1,Chamaedaphne calyculata,,1,1,0,0,,0,NA,,,,,,,,,NA,NA,NA,NA,NA,NA,NA,NA,NA,NA,NA,NA,NA,NA,NA
GRME06,221,NA,NA,8/10/2015,2015,VS,1,Kalmia angustifolia,,1,1,0,0,,0,NA,,,,,,,,,NA,NA,NA,NA,NA,NA,NA,NA,NA,NA,NA,NA,NA,NA,NA
GRME06,221,NA,NA,8/10/2015,2015,VS,1,Carex lacustris,,1,0,0,0,,0,NA,,,,,,,,,NA,NA,NA,NA,NA,NA,NA,NA,NA,NA,NA,NA,NA,NA,NA
GRME06,221,NA,NA,8/10/2015,2015,VS,1,Carex vesicaria,,1,0,0,0,,0,NA,,,,,,,,,NA,NA,NA,NA,NA,NA,NA,NA,NA,NA,NA,NA,NA,NA,NA
GRME06,221,NA,NA,8/10/2015,2015,VS,1,Carex atlantica,,1,1,0,1,,0,NA,,,,,,,,,NA,NA,NA,NA,NA,NA,NA,NA,NA,NA,NA,NA,NA,NA,NA
GRME06,221,NA,NA,8/10/2015,2015,VS,1,Quercus rubra,,0,1,0,0,,0,NA,,,,,,,,,NA,NA,NA,NA,NA,NA,NA,NA,NA,NA,NA,NA,NA,NA,NA
GRME06,221,NA,NA,8/10/2015,2015,VS,1,Carex echinata,,0,1,0,0,,0,NA,,,,,,,,,NA,NA,NA,NA,NA,NA,NA,NA,NA,NA,NA,NA,NA,NA,NA
GRME06,221,NA,NA,8/10/2015,2015,VS,1,Malus sieboldii,,0,0,1,0,,0,NA,,,,,,,,,NA,NA,NA,NA,NA,NA,NA,NA,NA,NA,NA,NA,NA,NA,NA
GRME06,221,NA,NA,8/10/2015,2015,VS,1,Rubus hispidus,,0,0,1,0,,0,NA,,,,,,,,,NA,NA,NA,NA,NA,NA,NA,NA,NA,NA,NA,NA,NA,NA,NA
GRME06,221,NA,NA,8/10/2015,2015,VS,1,Doellingeria umbellata,,0,0,1,0,,0,NA,,,,,,,,,NA,NA,NA,NA,NA,NA,NA,NA,NA,NA,NA,NA,NA,NA,NA
GRME06,221,NA,NA,8/10/2015,2015,VS,1,Betula populifolia,,0,0,1,0,,0,NA,,,,,,,,,NA,NA,NA,NA,NA,NA,NA,NA,NA,NA,NA,NA,NA,NA,NA
GRME06,221,NA,NA,8/10/2015,2015,VS,1,Carex brunnescens,,0,0,1,0,,0,NA,,,,,,,,,NA,NA,NA,NA,NA,NA,NA,NA,NA,NA,NA,NA,NA,NA,NA
GRME06,221,NA,NA,8/10/2015,2015,VS,1,Maianthemum canadense,,0,0,1,0,,0,NA,,,,,,,,,NA,NA,NA,NA,NA,NA,NA,NA,NA,NA,NA,NA,NA,NA,NA
GRME05,219,NA,NA,8/11/2015,2015,VS,1,Scirpus atrocinctus,,1,1,0,1,,0,NA,,,,,,,,,NA,NA,NA,NA,NA,NA,NA,NA,NA,NA,NA,NA,NA,NA,NA
GRME05,219,NA,NA,8/11/2015,2015,VS,1,Iris versicolor,,0,1,0,1,,0,NA,,,,,,,,,NA,NA,NA,NA,NA,NA,NA,NA,NA,NA,NA,NA,NA,NA,NA
GRME05,219,NA,NA,8/11/2015,2015,VS,1,Triadenum fraseri,,1,0,1,1,,0,NA,,,,,,,,,NA,NA,NA,NA,NA,NA,NA,NA,NA,NA,NA,NA,NA,NA,NA
GRME05,219,NA,NA,8/11/2015,2015,VS,1,Glyceria borealis,,0,0,1,1,,0,NA,,,,,,,,,NA,NA,NA,NA,NA,NA,NA,NA,NA,NA,NA,NA,NA,NA,NA
GRME05,219,NA,NA,8/11/2015,2015,VS,1,Scutellaria galericulata,,1,0,1,0,,0,NA,,,,,,,,,NA,NA,NA,NA,NA,NA,NA,NA,NA,NA,NA,NA,NA,NA,NA
GRME05,219,NA,NA,8/11/2015,2015,VS,1,Nuphar variegata,,0,0,1,1,,0,NA,,,,,,,,,NA,NA,NA,NA,NA,NA,NA,NA,NA,NA,NA,NA,NA,NA,NA
GRME05,219,NA,NA,8/11/2015,2015,VS,1,Lysimachia terrestris,,1,0,1,1,,0,NA,,,,,,,,,NA,NA,NA,NA,NA,NA,NA,NA,NA,NA,NA,NA,NA,NA,NA
GRME05,219,NA,NA,8/11/2015,2015,VS,1,Carex lasiocarpa,,1,0,1,1,,0,NA,,,,,,,,,NA,NA,NA,NA,NA,NA,NA,NA,NA,NA,NA,NA,NA,NA,NA
GRME05,219,NA,NA,8/11/2015,2015,VS,1,Spiraea alba,,1,0,0,1,,0,NA,,,,,,,,,NA,NA,NA,NA,NA,NA,NA,NA,NA,NA,NA,NA,NA,NA,NA
GRME05,219,NA,NA,8/11/2015,2015,VS,1,Glyceria canadensis,,1,0,0,1,,0,NA,,,,,,,,,NA,NA,NA,NA,NA,NA,NA,NA,NA,NA,NA,NA,NA,NA,NA
GRME05,219,NA,NA,8/11/2015,2015,VS,1,Myrica gale,,1,0,0,1,,0,NA,,,,,,,,,NA,NA,NA,NA,NA,NA,NA,NA,NA,NA,NA,NA,NA,NA,NA
GRME05,219,NA,NA,8/11/2015,2015,VS,1,Sparganium emersum,,0,0,0,1,,0,NA,,,,,,,,,NA,NA,NA,NA,NA,NA,NA,NA,NA,NA,NA,NA,NA,NA,NA
GRME05,219,NA,NA,8/11/2015,2015,VS,1,Dulichium arundinaceum,,0,0,0,1,,0,NA,,,,,,,,,NA,NA,NA,NA,NA,NA,NA,NA,NA,NA,NA,NA,NA,NA,NA
GRME05,219,NA,NA,8/11/2015,2015,VS,1,Scirpus cyperinus,,1,0,0,1,,0,NA,,,,,,,,,NA,NA,NA,NA,NA,NA,NA,NA,NA,NA,NA,NA,NA,NA,NA
GRME05,219,NA,NA,8/11/2015,2015,VS,1,Juncus canadensis,,0,0,0,1,,0,NA,,,,,,,,,NA,NA,NA,NA,NA,NA,NA,NA,NA,NA,NA,NA,NA,NA,NA
GRME05,219,NA,NA,8/11/2015,2015,VS,1,Malus sieboldii,,0,0,0,1,,0,NA,,,,,,,,,NA,NA,NA,NA,NA,NA,NA,NA,NA,NA,NA,NA,NA,NA,NA
GRME05,219,NA,NA,8/11/2015,2015,VS,1,Carex utriculata,,1,0,0,1,,0,NA,,,,,,,,,NA,NA,NA,NA,NA,NA,NA,NA,NA,NA,NA,NA,NA,NA,NA
GRME05,219,NA,NA,8/11/2015,2015,VS,1,Juncus brevicaudatus,,1,0,0,0,,0,NA,,,,,,,,,NA,NA,NA,NA,NA,NA,NA,NA,NA,NA,NA,NA,NA,NA,NA
GRME09,216,NA,NA,8/14/2015,2015,VS,1,Osmundastrum cinnamomea,,1,1,1,1,,0,NA,,,,,,,,,NA,NA,NA,NA,NA,NA,NA,NA,NA,NA,NA,NA,NA,NA,NA
GRME04,222,NA,NA,7/30/2015,2015,VS,1,Calamagrostis canadensis,,1,1,1,1,,0,NA,,,,,,,,,NA,NA,NA,NA,NA,NA,NA,NA,NA,NA,NA,NA,NA,NA,NA
GRME04,222,NA,NA,7/30/2015,2015,VS,1,Vaccinium angustifolium,,1,1,1,1,,0,NA,,,,,,,,,NA,NA,NA,NA,NA,NA,NA,NA,NA,NA,NA,NA,NA,NA,NA
GRME04,222,NA,NA,7/30/2015,2015,VS,1,Carex debilis,,0,1,0,0,,0,NA,,,,,,,,,NA,NA,NA,NA,NA,NA,NA,NA,NA,NA,NA,NA,NA,NA,NA
GRME04,222,NA,NA,7/30/2015,2015,VS,1,Monotropa uniflora,,0,1,1,0,,0,NA,,,,,,,,,NA,NA,NA,NA,NA,NA,NA,NA,NA,NA,NA,NA,NA,NA,NA
GRME04,222,NA,NA,7/30/2015,2015,VS,1,Rhamnus alnifolia,,0,1,1,1,,0,NA,,,,,,,,,NA,NA,NA,NA,NA,NA,NA,NA,NA,NA,NA,NA,NA,NA,NA
GRME04,222,NA,NA,7/30/2015,2015,VS,1,Pinus strobus,,1,0,1,1,,0,NA,,,,,,,,,NA,NA,NA,NA,NA,NA,NA,NA,NA,NA,NA,NA,NA,NA,NA
GRME04,222,NA,NA,7/30/2015,2015,VS,1,Doellingeria umbellata,,1,0,1,1,,0,NA,,,,,,,,,NA,NA,NA,NA,NA,NA,NA,NA,NA,NA,NA,NA,NA,NA,NA
GRME04,222,NA,NA,7/30/2015,2015,VS,1,Vaccinium corymbosum,,0,0,1,0,,0,NA,,,,,,,,,NA,NA,NA,NA,NA,NA,NA,NA,NA,NA,NA,NA,NA,NA,NA
GRME04,222,NA,NA,7/30/2015,2015,VS,1,Carex brunnescens,,1,0,1,1,,0,NA,,,,,,,,,NA,NA,NA,NA,NA,NA,NA,NA,NA,NA,NA,NA,NA,NA,NA
GRME04,222,NA,NA,7/30/2015,2015,VS,1,Spiraea alba,,0,0,1,0,,0,NA,,,,,,,,,NA,NA,NA,NA,NA,NA,NA,NA,NA,NA,NA,NA,NA,NA,NA
GRME04,222,NA,NA,7/30/2015,2015,VS,1,Ilex verticillata,,0,0,1,1,,0,NA,,,,,,,,,NA,NA,NA,NA,NA,NA,NA,NA,NA,NA,NA,NA,NA,NA,NA
GRME04,222,NA,NA,7/30/2015,2015,VS,1,Tsuga canadensis,,0,0,1,0,,0,NA,,,,,,,,,NA,NA,NA,NA,NA,NA,NA,NA,NA,NA,NA,NA,NA,NA,NA
GRME04,222,NA,NA,7/30/2015,2015,VS,1,Carex trisperma,,1,0,1,1,,0,NA,,,,,,,,,NA,NA,NA,NA,NA,NA,NA,NA,NA,NA,NA,NA,NA,NA,NA
GRME04,222,NA,NA,7/30/2015,2015,VS,1,Ilex mucronata,,0,0,1,1,,0,NA,,,,,,,,,NA,NA,NA,NA,NA,NA,NA,NA,NA,NA,NA,NA,NA,NA,NA
GRME04,222,NA,NA,7/30/2015,2015,VS,1,Betula populifolia,,0,0,0,1,,0,NA,,,,,,,,,NA,NA,NA,NA,NA,NA,NA,NA,NA,NA,NA,NA,NA,NA,NA
GRME04,222,NA,NA,7/30/2015,2015,VS,1,Carex novae-angliae,,0,0,0,1,,0,NA,,,,,,,,,NA,NA,NA,NA,NA,NA,NA,NA,NA,NA,NA,NA,NA,NA,NA
GRME04,222,NA,NA,7/30/2015,2015,VS,1,Rubus hispidus,,0,0,0,1,,0,NA,,,,,,,,,NA,NA,NA,NA,NA,NA,NA,NA,NA,NA,NA,NA,NA,NA,NA
GRME04,222,NA,NA,7/30/2015,2015,VS,1,Dryopteris carthusiana,,0,0,0,1,,0,NA,,,,,,,,,NA,NA,NA,NA,NA,NA,NA,NA,NA,NA,NA,NA,NA,NA,NA
GRME04,222,NA,NA,7/30/2015,2015,VS,1,Malus sieboldii,,0,0,0,1,,0,NA,,,,,,,,,NA,NA,NA,NA,NA,NA,NA,NA,NA,NA,NA,NA,NA,NA,NA
GRME04,222,NA,NA,7/30/2015,2015,VS,1,Salix petiolaris,,0,0,1,1,,0,NA,,,,,,,,,NA,NA,NA,NA,NA,NA,NA,NA,NA,NA,NA,NA,NA,NA,NA
GRME04,222,NA,NA,7/30/2015,2015,VS,1,Quercus rubra,,0,0,0,1,,0,NA,,,,,,,,,NA,NA,NA,NA,NA,NA,NA,NA,NA,NA,NA,NA,NA,NA,NA
GRME04,222,NA,NA,7/30/2015,2015,VS,1,Carex stricta,,1,0,0,0,,0,NA,,,,,,,,,NA,NA,NA,NA,NA,NA,NA,NA,NA,NA,NA,NA,NA,NA,NA
GRME04,222,NA,NA,7/30/2015,2015,VS,1,Lysimachia terrestris,,1,0,0,0,,0,NA,,,,,,,,,NA,NA,NA,NA,NA,NA,NA,NA,NA,NA,NA,NA,NA,NA,NA
GRME04,222,NA,NA,7/30/2015,2015,VS,1,Kalmia angustifolia,,1,0,0,0,,0,NA,,,,,,,,,NA,NA,NA,NA,NA,NA,NA,NA,NA,NA,NA,NA,NA,NA,NA
GRME04,222,NA,NA,7/30/2015,2015,VS,1,Carex lacustris,,1,0,0,0,,0,NA,,,,,,,,,NA,NA,NA,NA,NA,NA,NA,NA,NA,NA,NA,NA,NA,NA,NA
GRME07,217,NA,NA,8/14/2015,2015,VS,1,Osmundastrum cinnamomea,,1,1,1,1,,0,NA,,,,,,,,,NA,NA,NA,NA,NA,NA,NA,NA,NA,NA,NA,NA,NA,NA,NA
GRME06,221,NA,NA,8/10/2015,2015,VS,1,Osmundastrum cinnamomea,,1,0,1,1,,0,NA,,,,,,,,,NA,NA,NA,NA,NA,NA,NA,NA,NA,NA,NA,NA,NA,NA,NA
GRME03,215,NA,NA,7/28/2015,2015,VS,1,Dryopteris cristata,,0,0,0,1,,0,NA,,,,,,,,,NA,NA,NA,NA,NA,NA,NA,NA,NA,NA,NA,NA,NA,NA,NA
GRME03,215,NA,NA,7/28/2015,2015,VS,1,Thuja occidentalis,,0,0,0,1,,0,NA,,,,,,,,,NA,NA,NA,NA,NA,NA,NA,NA,NA,NA,NA,NA,NA,NA,NA
GRME03,215,NA,NA,7/28/2015,2015,VS,1,Onoclea sensibilis,,0,1,0,1,,0,NA,,,,,,,,,NA,NA,NA,NA,NA,NA,NA,NA,NA,NA,NA,NA,NA,NA,NA
GRME03,215,NA,NA,7/28/2015,2015,VS,1,Picea rubens,,0,0,0,1,,0,NA,,,,,,,,,NA,NA,NA,NA,NA,NA,NA,NA,NA,NA,NA,NA,NA,NA,NA
GRME03,215,NA,NA,7/28/2015,2015,VS,1,Carex trisperma,,0,0,1,1,,0,NA,,,,,,,,,NA,NA,NA,NA,NA,NA,NA,NA,NA,NA,NA,NA,NA,NA,NA
GRME03,215,NA,NA,7/28/2015,2015,VS,1,Glyceria striata,,1,0,0,1,,0,NA,,,,,,,,,NA,NA,NA,NA,NA,NA,NA,NA,NA,NA,NA,NA,NA,NA,NA
GRME03,215,NA,NA,7/28/2015,2015,VS,1,Quercus rubra,,0,0,0,1,,0,NA,,,,,,,,,NA,NA,NA,NA,NA,NA,NA,NA,NA,NA,NA,NA,NA,NA,NA
GRME03,215,NA,NA,7/28/2015,2015,VS,1,Aralia nudicaulis,,0,0,1,1,,0,NA,,,,,,,,,NA,NA,NA,NA,NA,NA,NA,NA,NA,NA,NA,NA,NA,NA,NA
GRME03,215,NA,NA,7/28/2015,2015,VS,1,Spiraea alba,,1,0,0,0,,0,NA,,,,,,,,,NA,NA,NA,NA,NA,NA,NA,NA,NA,NA,NA,NA,NA,NA,NA
GRME03,215,NA,NA,7/28/2015,2015,VS,1,Pinus strobus,,1,1,1,0,,0,NA,,,,,,,,,NA,NA,NA,NA,NA,NA,NA,NA,NA,NA,NA,NA,NA,NA,NA
GRME03,215,NA,NA,7/28/2015,2015,VS,1,Betula populifolia,,1,0,0,0,,0,NA,,,,,,,,,NA,NA,NA,NA,NA,NA,NA,NA,NA,NA,NA,NA,NA,NA,NA
GRME03,215,NA,NA,7/28/2015,2015,VS,1,Iris versicolor,,1,0,0,0,,0,NA,,,,,,,,,NA,NA,NA,NA,NA,NA,NA,NA,NA,NA,NA,NA,NA,NA,NA
GRME03,215,NA,NA,7/28/2015,2015,VS,1,Doellingeria umbellata,,1,0,1,0,,0,NA,,,,,,,,,NA,NA,NA,NA,NA,NA,NA,NA,NA,NA,NA,NA,NA,NA,NA
GRME03,215,NA,NA,7/28/2015,2015,VS,1,Acer pensylvanicum,,1,1,1,0,,0,NA,,,,,,,,,NA,NA,NA,NA,NA,NA,NA,NA,NA,NA,NA,NA,NA,NA,NA
GRME03,215,NA,NA,7/28/2015,2015,VS,1,Rubus idaeus spp strigosus,,0,0,0,0,,0,no location?,,,,,,,,,NA,NA,NA,NA,NA,NA,NA,NA,NA,NA,NA,NA,NA,NA,NA
GRME03,215,NA,NA,7/28/2015,2015,VS,1,Rhamnus alnifolia,,0,1,1,0,,0,NA,,,,,,,,,NA,NA,NA,NA,NA,NA,NA,NA,NA,NA,NA,NA,NA,NA,NA
GRME03,215,NA,NA,7/28/2015,2015,VS,1,Osmunda regalis,,0,1,1,0,,0,NA,,,,,,,,,NA,NA,NA,NA,NA,NA,NA,NA,NA,NA,NA,NA,NA,NA,NA
GRME03,215,NA,NA,7/28/2015,2015,VS,1,Oclemena acuminata,,0,1,0,0,,0,NA,,,,,,,,,NA,NA,NA,NA,NA,NA,NA,NA,NA,NA,NA,NA,NA,NA,NA
GRME03,215,NA,NA,7/28/2015,2015,VS,1,Ilex mucronata,,0,1,0,0,,0,NA,,,,,,,,,NA,NA,NA,NA,NA,NA,NA,NA,NA,NA,NA,NA,NA,NA,NA
GRME03,215,NA,NA,7/28/2015,2015,VS,1,Lysimachia borealis,,0,0,1,0,,0,NA,,,,,,,,,NA,NA,NA,NA,NA,NA,NA,NA,NA,NA,NA,NA,NA,NA,NA
GRME03,215,NA,NA,7/28/2015,2015,VS,1,Vaccinium corymbosum,,0,0,1,0,,0,NA,,,,,,,,,NA,NA,NA,NA,NA,NA,NA,NA,NA,NA,NA,NA,NA,NA,NA
GRME03,215,NA,NA,7/28/2015,2015,VS,1,Tsuga canadensis,,0,0,1,0,,0,NA,,,,,,,,,NA,NA,NA,NA,NA,NA,NA,NA,NA,NA,NA,NA,NA,NA,NA
GRME03,215,NA,NA,7/28/2015,2015,VS,1,Maianthemum canadense,,0,0,1,0,,0,NA,,,,,,,,,NA,NA,NA,NA,NA,NA,NA,NA,NA,NA,NA,NA,NA,NA,NA
GRME03,215,NA,NA,7/28/2015,2015,VS,1,Thelypteris noveboracensis,,0,0,1,0,,0,NA,,,,,,,,,NA,NA,NA,NA,NA,NA,NA,NA,NA,NA,NA,NA,NA,NA,NA
GRME03,215,NA,NA,7/28/2015,2015,VS,1,Viburnum nudum,,0,0,1,0,,0,NA,,,,,,,,,NA,NA,NA,NA,NA,NA,NA,NA,NA,NA,NA,NA,NA,NA,NA
GRME03,215,NA,NA,7/28/2015,2015,VS,1,Monotropa uniflora,,0,0,1,0,,0,NA,,,,,,,,,NA,NA,NA,NA,NA,NA,NA,NA,NA,NA,NA,NA,NA,NA,NA
GRME02,223,NA,NA,7/23/2015,2015,VS,1,Osmundastrum cinnamomea,,1,0,0,1,,0,NA,,,,,,,,,NA,NA,NA,NA,NA,NA,NA,NA,NA,NA,NA,NA,NA,NA,NA
GRME02,223,NA,NA,7/23/2015,2015,VS,1,Dulichium arundinaceum,,0,0,1,0,,0,NA,,,,,,,,,NA,NA,NA,NA,NA,NA,NA,NA,NA,NA,NA,NA,NA,NA,NA
GRME02,223,NA,NA,7/23/2015,2015,VS,1,Scirpus atrocinctus,,1,0,1,0,,0,NA,,,,,,,,,NA,NA,NA,NA,NA,NA,NA,NA,NA,NA,NA,NA,NA,NA,NA
GRME02,223,NA,NA,7/23/2015,2015,VS,1,Thelypteris palustris,,0,0,1,0,,0,NA,,,,,,,,,NA,NA,NA,NA,NA,NA,NA,NA,NA,NA,NA,NA,NA,NA,NA
GRME02,223,NA,NA,7/23/2015,2015,VS,1,Carex scoparia,,0,0,1,0,,0,NA,,,,,,,,,NA,NA,NA,NA,NA,NA,NA,NA,NA,NA,NA,NA,NA,NA,NA
GRME02,223,NA,NA,7/23/2015,2015,VS,1,Scirpus cyperinus,,1,0,1,0,,0,NA,,,,,,,,,NA,NA,NA,NA,NA,NA,NA,NA,NA,NA,NA,NA,NA,NA,NA
GRME02,223,NA,NA,7/23/2015,2015,VS,1,Carex stricta,,1,1,1,1,,0,NA,,,,,,,,,NA,NA,NA,NA,NA,NA,NA,NA,NA,NA,NA,NA,NA,NA,NA
GRME01,218,NA,NA,7/16/2015,2015,VS,1,Osmundastrum cinnamomea,,1,0,0,0,,0,NA,,,,,,,,,NA,NA,NA,NA,NA,NA,NA,NA,NA,NA,NA,NA,NA,NA,NA
GRME02,223,NA,NA,7/23/2015,2015,VS,1,Onoclea sensibilis,,0,1,0,0,,0,NA,,,,,,,,,NA,NA,NA,NA,NA,NA,NA,NA,NA,NA,NA,NA,NA,NA,NA
GRME02,223,NA,NA,7/23/2015,2015,VS,1,Chamaedaphne calyculata,,0,1,0,1,,0,NA,,,,,,,,,NA,NA,NA,NA,NA,NA,NA,NA,NA,NA,NA,NA,NA,NA,NA
GRME02,223,NA,NA,7/23/2015,2015,VS,1,Galium trifidum,,0,1,0,0,,0,NA,,,,,,,,,NA,NA,NA,NA,NA,NA,NA,NA,NA,NA,NA,NA,NA,NA,NA
GRME02,223,NA,NA,7/23/2015,2015,VS,1,Carex utriculata,,0,1,0,0,,0,NA,,,,,,,,,NA,NA,NA,NA,NA,NA,NA,NA,NA,NA,NA,NA,NA,NA,NA
GRME02,223,NA,NA,7/23/2015,2015,VS,1,Eleocharis,,0,1,0,0,,0,NA,,,,,,,,,NA,NA,NA,NA,NA,NA,NA,NA,NA,NA,NA,NA,NA,NA,NA
GRME02,223,NA,NA,7/23/2015,2015,VS,1,Triadenum fraseri,,0,1,0,0,,0,NA,,,,,,,,,NA,NA,NA,NA,NA,NA,NA,NA,NA,NA,NA,NA,NA,NA,NA
GRME02,223,NA,NA,7/23/2015,2015,VS,1,Spiraea tomentosa,,0,1,0,0,,0,NA,,,,,,,,,NA,NA,NA,NA,NA,NA,NA,NA,NA,NA,NA,NA,NA,NA,NA
GRME02,223,NA,NA,7/23/2015,2015,VS,1,Salix bebbiana,,1,1,0,0,,0,NA,,,,,,,,,NA,NA,NA,NA,NA,NA,NA,NA,NA,NA,NA,NA,NA,NA,NA
GRME02,223,NA,NA,7/23/2015,2015,VS,1,Betula populifolia,,1,1,0,0,,0,NA,,,,,,,,,NA,NA,NA,NA,NA,NA,NA,NA,NA,NA,NA,NA,NA,NA,NA
GRME02,223,NA,NA,7/23/2015,2015,VS,1,Osmunda regalis,,1,0,0,1,,0,NA,,,,,,,,,NA,NA,NA,NA,NA,NA,NA,NA,NA,NA,NA,NA,NA,NA,NA
GRME02,223,NA,NA,7/23/2015,2015,VS,1,Frangula alnus,,0,0,0,1,,0,NA,,,,,,,,,NA,NA,NA,NA,NA,NA,NA,NA,NA,NA,NA,NA,NA,NA,NA
GRME02,223,NA,NA,7/23/2015,2015,VS,1,Lycopus uniflorus,,0,0,0,1,,0,NA,,,,,,,,,NA,NA,NA,NA,NA,NA,NA,NA,NA,NA,NA,NA,NA,NA,NA
GRME02,223,NA,NA,7/23/2015,2015,VS,1,Salix petiolaris,,0,0,0,1,,0,NA,,,,,,,,,NA,NA,NA,NA,NA,NA,NA,NA,NA,NA,NA,NA,NA,NA,NA
GRME02,223,NA,NA,7/23/2015,2015,VS,1,Typha latifolia,,0,0,0,1,,0,NA,,,,,,,,,NA,NA,NA,NA,NA,NA,NA,NA,NA,NA,NA,NA,NA,NA,NA
GRME02,223,NA,NA,7/23/2015,2015,VS,1,Lysimachia terrestris,,1,0,0,1,,0,NA,,,,,,,,,NA,NA,NA,NA,NA,NA,NA,NA,NA,NA,NA,NA,NA,NA,NA
GRME02,223,NA,NA,7/23/2015,2015,VS,1,Rosa nitida,,1,0,0,0,,0,NA,,,,,,,,,NA,NA,NA,NA,NA,NA,NA,NA,NA,NA,NA,NA,NA,NA,NA
GRME02,223,NA,NA,7/23/2015,2015,VS,1,Scutellaria galericulata,,1,0,0,0,,0,NA,,,,,,,,,NA,NA,NA,NA,NA,NA,NA,NA,NA,NA,NA,NA,NA,NA,NA
GRME02,223,NA,NA,7/23/2015,2015,VS,1,Ilex verticillata,,1,0,0,0,,0,NA,,,,,,,,,NA,NA,NA,NA,NA,NA,NA,NA,NA,NA,NA,NA,NA,NA,NA
GRME02,223,NA,NA,7/23/2015,2015,VS,1,Vaccinium corymbosum,,1,0,0,0,,0,NA,,,,,,,,,NA,NA,NA,NA,NA,NA,NA,NA,NA,NA,NA,NA,NA,NA,NA
GRME02,223,NA,NA,7/23/2015,2015,VS,1,Juncas pylaei,,1,0,0,0,,0,NA,,,,,,,,,NA,NA,NA,NA,NA,NA,NA,NA,NA,NA,NA,NA,NA,NA,NA
GRME02,223,NA,NA,7/23/2015,2015,VS,1,Doellingeria umbellata,,1,0,0,0,,0,NA,,,,,,,,,NA,NA,NA,NA,NA,NA,NA,NA,NA,NA,NA,NA,NA,NA,NA
GRME02,223,NA,NA,7/23/2015,2015,VS,1,Carex scoparia,,1,0,0,0,,0,NA,,,,,,,,,NA,NA,NA,NA,NA,NA,NA,NA,NA,NA,NA,NA,NA,NA,NA
GRME02,223,NA,NA,7/23/2015,2015,VS,1,Malus sieboldii,,1,0,0,0,,0,NA,,,,,,,,,NA,NA,NA,NA,NA,NA,NA,NA,NA,NA,NA,NA,NA,NA,NA
GRME02,223,NA,NA,7/23/2015,2015,VS,1,Juncus brevicaudatus,,1,0,0,0,,0,NA,,,,,,,,,NA,NA,NA,NA,NA,NA,NA,NA,NA,NA,NA,NA,NA,NA,NA
GRME01,218,NA,NA,7/16/2015,2015,VS,1,Osmunda regalis,,0,1,1,0,,0,NA,,,,,,,,,NA,NA,NA,NA,NA,NA,NA,NA,NA,NA,NA,NA,NA,NA,NA
GRME01,218,NA,NA,7/16/2015,2015,VS,1,Ilex verticillata,,0,0,1,1,,0,NA,,,,,,,,,NA,NA,NA,NA,NA,NA,NA,NA,NA,NA,NA,NA,NA,NA,NA
GRME01,218,NA,NA,7/16/2015,2015,VS,1,Alnus incana,,0,0,1,0,,0,NA,,,,,,,,,NA,NA,NA,NA,NA,NA,NA,NA,NA,NA,NA,NA,NA,NA,NA
GRME01,218,NA,NA,7/16/2015,2015,VS,1,Kalmia angustifolia,,0,0,0,1,,0,NA,,,,,,,,,NA,NA,NA,NA,NA,NA,NA,NA,NA,NA,NA,NA,NA,NA,NA
GRME01,218,NA,NA,7/16/2015,2015,VS,1,Lysimachia borealis,,0,0,0,1,,0,NA,,,,,,,,,NA,NA,NA,NA,NA,NA,NA,NA,NA,NA,NA,NA,NA,NA,NA
GRME01,218,NA,NA,7/16/2015,2015,VS,1,Dryopteris cristata,,0,0,0,1,,0,NA,,,,,,,,,NA,NA,NA,NA,NA,NA,NA,NA,NA,NA,NA,NA,NA,NA,NA
GRME01,218,NA,NA,7/16/2015,2015,VS,1,Juncas pylaei,,1,0,0,0,,0,NA,,,,,,,,,NA,NA,NA,NA,NA,NA,NA,NA,NA,NA,NA,NA,NA,NA,NA
GRME01,218,NA,NA,7/16/2015,2015,VS,1,Scirpus atrocinctus,,1,1,0,0,,0,NA,,,,,,,,,NA,NA,NA,NA,NA,NA,NA,NA,NA,NA,NA,NA,NA,NA,NA
GRME01,218,NA,NA,7/16/2015,2015,VS,1,Frangula alnus,,1,0,0,0,,0,NA,,,,,,,,,NA,NA,NA,NA,NA,NA,NA,NA,NA,NA,NA,NA,NA,NA,NA
GRME01,218,NA,NA,7/16/2015,2015,VS,1,Carex lacustris,,1,0,0,0,,0,NA,,,,,,,,,NA,NA,NA,NA,NA,NA,NA,NA,NA,NA,NA,NA,NA,NA,NA
GRME01,218,NA,NA,7/16/2015,2015,VS,1,Carex canescens,,1,0,0,0,,0,NA,,,,,,,,,NA,NA,NA,NA,NA,NA,NA,NA,NA,NA,NA,NA,NA,NA,NA
GRME01,218,NA,NA,7/16/2015,2015,VS,1,Carex atlantica,,1,0,0,0,,0,NA,,,,,,,,,NA,NA,NA,NA,NA,NA,NA,NA,NA,NA,NA,NA,NA,NA,NA
GRME01,218,NA,NA,7/16/2015,2015,VS,1,Rubus hispidus,,1,0,0,0,,0,NA,,,,,,,,,NA,NA,NA,NA,NA,NA,NA,NA,NA,NA,NA,NA,NA,NA,NA
GRME01,218,NA,NA,7/16/2015,2015,VS,1,Rhododendron canadense,,1,0,0,0,,0,NA,,,,,,,,,NA,NA,NA,NA,NA,NA,NA,NA,NA,NA,NA,NA,NA,NA,NA
GRME01,218,NA,NA,7/16/2015,2015,VS,1,Triadenum virginicum,,1,1,0,0,,0,NA,,,,,,,,,NA,NA,NA,NA,NA,NA,NA,NA,NA,NA,NA,NA,NA,NA,NA
GRME01,218,NA,NA,7/16/2015,2015,VS,1,Betula populifolia,,0,1,0,0,,0,NA,,,,,,,,,NA,NA,NA,NA,NA,NA,NA,NA,NA,NA,NA,NA,NA,NA,NA
GRME01,218,NA,NA,7/16/2015,2015,VS,1,Lysimachia terrestris,,0,1,0,0,,0,NA,,,,,,,,,NA,NA,NA,NA,NA,NA,NA,NA,NA,NA,NA,NA,NA,NA,NA
GRME10,220,NA,NA,8/12/2020,2020,VS,1,Carex lasiocarpa,,1,1,1,1,,0,NA,,,,,,,,,NA,NA,NA,NA,NA,NA,NA,NA,NA,NA,NA,NA,NA,NA,NA
GRME10,220,NA,NA,8/12/2020,2020,VS,1,Calamagrostis canadensis,,1,1,1,1,,0,NA,,,,,,,,,NA,NA,NA,NA,NA,NA,NA,NA,NA,NA,NA,NA,NA,NA,NA
GRME10,220,NA,NA,8/12/2020,2020,VS,1,Carex lacustris,,1,1,1,1,,0,NA,,,,,,,,,NA,NA,NA,NA,NA,NA,NA,NA,NA,NA,NA,NA,NA,NA,NA
GRME10,220,NA,NA,8/12/2020,2020,VS,1,Carex utriculata,,1,1,1,1,,0,NA,,,,,,,,,NA,NA,NA,NA,NA,NA,NA,NA,NA,NA,NA,NA,NA,NA,NA
GRME10,220,NA,NA,8/12/2020,2020,VS,1,Triadenum fraseri,,1,0,0,0,,0,NA,,,,,,,,,NA,NA,NA,NA,NA,NA,NA,NA,NA,NA,NA,NA,NA,NA,NA
GRME10,220,NA,NA,8/12/2020,2020,VS,1,Spiraea alba,,1,0,1,1,,0,NA,,,,,,,,,NA,NA,NA,NA,NA,NA,NA,NA,NA,NA,NA,NA,NA,NA,NA
GRME10,220,NA,NA,8/12/2020,2020,VS,1,Agrostis stolonifera,,1,0,0,0,,0,NA,,,,,,,,,NA,NA,NA,NA,NA,NA,NA,NA,NA,NA,NA,NA,NA,NA,NA
GRME10,220,NA,NA,8/12/2020,2020,VS,1,Myrica gale,,1,1,1,1,,0,NA,,,,,,,,,NA,NA,NA,NA,NA,NA,NA,NA,NA,NA,NA,NA,NA,NA,NA
GRME10,220,NA,NA,8/12/2020,2020,VS,1,Juncus canadensis,,1,0,0,0,,0,NA,,,,,,,,,NA,NA,NA,NA,NA,NA,NA,NA,NA,NA,NA,NA,NA,NA,NA
GRME10,220,NA,NA,8/12/2020,2020,VS,1,Lysimachia terrestris,,1,1,0,0,,0,NA,,,,,,,,,NA,NA,NA,NA,NA,NA,NA,NA,NA,NA,NA,NA,NA,NA,NA
GRME10,220,NA,NA,8/12/2020,2020,VS,1,Salix petiolaris,,1,1,0,1,,0,NA,,,,,,,,,NA,NA,NA,NA,NA,NA,NA,NA,NA,NA,NA,NA,NA,NA,NA
GRME10,220,NA,NA,8/12/2020,2020,VS,1,Scirpus cyperinus,,1,0,0,0,,0,NA,,,,,,,,,NA,NA,NA,NA,NA,NA,NA,NA,NA,NA,NA,NA,NA,NA,NA
GRME10,220,NA,NA,8/12/2020,2020,VS,1,Carex vesicaria,,1,1,1,1,,0,NA,,,,,,,,,NA,NA,NA,NA,NA,NA,NA,NA,NA,NA,NA,NA,NA,NA,NA
GRME10,220,NA,NA,8/12/2020,2020,VS,1,Dulichium,,0,0,0,1,,0,NA,,,,,,,,,NA,NA,NA,NA,NA,NA,NA,NA,NA,NA,NA,NA,NA,NA,NA
GRME10,220,NA,NA,8/12/2020,2020,VS,1,Triadenum fraseri,,0,0,0,1,,0,NA,,,,,,,,,NA,NA,NA,NA,NA,NA,NA,NA,NA,NA,NA,NA,NA,NA,NA
GRME09,216,NA,NA,8/14/2020,2020,VS,1,Betula alleghaniensis,,0,0,1,0,,0,NA,,,,,,,,,NA,NA,NA,NA,NA,NA,NA,NA,NA,NA,NA,NA,NA,NA,NA
GRME03,215,NA,NA,8/14/2020,2020,VS,1,Betula alleghaniensis,,1,1,1,1,,0,NA,,,,,,,,,NA,NA,NA,NA,NA,NA,NA,NA,NA,NA,NA,NA,NA,NA,NA
GRME09,216,NA,NA,8/14/2020,2020,VS,1,Doellingeria umbellata,,1,1,1,1,,0,NA,,,,,,,,,NA,NA,NA,NA,NA,NA,NA,NA,NA,NA,NA,NA,NA,NA,NA
GRME09,216,NA,NA,8/14/2020,2020,VS,1,Trientalis borealis,,1,1,1,1,,0,NA,,,,,,,,,NA,NA,NA,NA,NA,NA,NA,NA,NA,NA,NA,NA,NA,NA,NA
GRME09,216,NA,NA,8/14/2020,2020,VS,1,Carex atlantica,,1,1,1,1,,0,NA,,,,,,,,,NA,NA,NA,NA,NA,NA,NA,NA,NA,NA,NA,NA,NA,NA,NA
GRME09,216,NA,NA,8/14/2020,2020,VS,1,Vaccinium corymbosum,,1,1,1,1,,0,4%,,,,,,,,,NA,NA,NA,NA,NA,NA,NA,NA,NA,NA,NA,NA,NA,NA,NA
GRME09,216,NA,NA,8/14/2020,2020,VS,1,Frangula alnus,,1,1,1,1,,0,7%,,,,,,,,,NA,NA,NA,NA,NA,NA,NA,NA,NA,NA,NA,NA,NA,NA,NA
GRME09,216,NA,NA,8/14/2020,2020,VS,1,Vaccinium angustifolium,,1,1,1,1,,0,NA,,,,,,,,,NA,NA,NA,NA,NA,NA,NA,NA,NA,NA,NA,NA,NA,NA,NA
GRME09,216,NA,NA,8/14/2020,2020,VS,1,Betula populifolia,,1,1,1,1,,0,15%,,,,,,,,,NA,NA,NA,NA,NA,NA,NA,NA,NA,NA,NA,NA,NA,NA,NA
GRME09,216,NA,NA,8/14/2020,2020,VS,1,Acer rubrum,,1,1,1,1,,0,8%,,,,,,,,,NA,NA,NA,NA,NA,NA,NA,NA,NA,NA,NA,NA,NA,NA,NA
GRME09,216,NA,NA,8/14/2020,2020,VS,1,Kalmia angustifolia,,1,1,1,1,,0,NA,,,,,,,,,NA,NA,NA,NA,NA,NA,NA,NA,NA,NA,NA,NA,NA,NA,NA
GRME09,216,NA,NA,8/14/2020,2020,VS,1,Rhodora,,1,1,1,1,,0,16%,,,,,,,,,NA,NA,NA,NA,NA,NA,NA,NA,NA,NA,NA,NA,NA,NA,NA
GRME09,216,NA,NA,8/14/2020,2020,VS,1,Ilex mucronata,,1,1,0,1,,0,NA,,,,,,,,,NA,NA,NA,NA,NA,NA,NA,NA,NA,NA,NA,NA,NA,NA,NA
GRME09,216,NA,NA,8/14/2020,2020,VS,1,Carex novae-angliae,,1,1,1,1,,0,NA,,,,,,,,,NA,NA,NA,NA,NA,NA,NA,NA,NA,NA,NA,NA,NA,NA,NA
GRME09,216,NA,NA,8/14/2020,2020,VS,1,Chamaedaphne calyculata,,1,0,0,0,,0,NA,,,,,,,,,NA,NA,NA,NA,NA,NA,NA,NA,NA,NA,NA,NA,NA,NA,NA
GRME09,216,NA,NA,8/14/2020,2020,VS,1,Bryophytes,,1,1,1,1,,0,NA,,,,,,,,,NA,NA,NA,NA,NA,NA,NA,NA,NA,NA,NA,NA,NA,NA,NA
GRME09,216,NA,NA,8/14/2020,2020,VS,1,Rhododendron groenlandicum,,1,1,1,1,,0,NA,,,,,,,,,NA,NA,NA,NA,NA,NA,NA,NA,NA,NA,NA,NA,NA,NA,NA
GRME09,216,NA,NA,8/14/2020,2020,VS,1,Betula papyrifera,,1,1,1,1,,0,NA,,,,,,,,,NA,NA,NA,NA,NA,NA,NA,NA,NA,NA,NA,NA,NA,NA,NA
GRME09,216,NA,NA,8/14/2020,2020,VS,1,Quercus rubra,,0,1,1,1,,0,NA,,,,,,,,,NA,NA,NA,NA,NA,NA,NA,NA,NA,NA,NA,NA,NA,NA,NA
GRME09,216,NA,NA,8/14/2020,2020,VS,1,Carex brunnescens,,0,1,1,1,,0,NA,,,,,,,,,NA,NA,NA,NA,NA,NA,NA,NA,NA,NA,NA,NA,NA,NA,NA
GRME09,216,NA,NA,8/14/2020,2020,VS,1,Carex canescens,,0,1,0,1,,0,NA,,,,,,,,,NA,NA,NA,NA,NA,NA,NA,NA,NA,NA,NA,NA,NA,NA,NA
GRME09,216,NA,NA,8/14/2020,2020,VS,1,Carex debilis,,0,1,1,1,,0,NA,,,,,,,,,NA,NA,NA,NA,NA,NA,NA,NA,NA,NA,NA,NA,NA,NA,NA
GRME09,216,NA,NA,8/14/2020,2020,VS,1,Carex folliculata,,0,1,1,0,,0,NA,,,,,,,,,NA,NA,NA,NA,NA,NA,NA,NA,NA,NA,NA,NA,NA,NA,NA
GRME09,216,NA,NA,8/14/2020,2020,VS,1,Oclemena acuminata,,0,1,0,0,,0,NA,,,,,,,,,NA,NA,NA,NA,NA,NA,NA,NA,NA,NA,NA,NA,NA,NA,NA
GRME09,216,NA,NA,8/14/2020,2020,VS,1,Carex stricta,,0,1,1,1,,0,11%,,,,,,,,,NA,NA,NA,NA,NA,NA,NA,NA,NA,NA,NA,NA,NA,NA,NA
GRME09,216,NA,NA,8/14/2020,2020,VS,1,Carex trisperma,,0,1,0,1,,0,NA,,,,,,,,,NA,NA,NA,NA,NA,NA,NA,NA,NA,NA,NA,NA,NA,NA,NA
GRME09,216,NA,NA,8/14/2020,2020,VS,1,Carex atlantica,,0,1,1,0,,1,NA,,,,,,,,,NA,NA,NA,NA,NA,NA,NA,NA,NA,NA,NA,NA,NA,NA,NA
GRME09,216,NA,NA,8/14/2020,2020,VS,1,Phegopteris connectilis,,0,1,0,0,,0,NA,,,,,,,,,NA,NA,NA,NA,NA,NA,NA,NA,NA,NA,NA,NA,NA,NA,NA
GRME09,216,NA,NA,8/14/2020,2020,VS,1,Salix petiolaris,,0,1,0,0,,0,NA,,,,,,,,,NA,NA,NA,NA,NA,NA,NA,NA,NA,NA,NA,NA,NA,NA,NA
GRME09,216,NA,NA,8/14/2020,2020,VS,1,Rubus hispidus,,0,1,1,1,,0,NA,,,,,,,,,NA,NA,NA,NA,NA,NA,NA,NA,NA,NA,NA,NA,NA,NA,NA
GRME09,216,NA,NA,8/14/2020,2020,VS,1,Maianthemum canadense,,0,0,1,1,,0,NA,,,,,,,,,NA,NA,NA,NA,NA,NA,NA,NA,NA,NA,NA,NA,NA,NA,NA
GRME09,216,NA,NA,8/14/2020,2020,VS,1,Dryopteris carthusiana,,0,1,1,0,,0,NA,,,,,,,,,NA,NA,NA,NA,NA,NA,NA,NA,NA,NA,NA,NA,NA,NA,NA
GRME09,216,NA,NA,8/14/2020,2020,VS,1,Vaccinium myrtilloides,,0,0,1,0,,0,NA,,,,,,,,,NA,NA,NA,NA,NA,NA,NA,NA,NA,NA,NA,NA,NA,NA,NA
GRME09,216,NA,NA,8/14/2020,2020,VS,1,Osmunda regalis,,0,0,0,1,,0,NA,,,,,,,,,NA,NA,NA,NA,NA,NA,NA,NA,NA,NA,NA,NA,NA,NA,NA
GRME09,216,NA,NA,8/14/2020,2020,VS,1,Calamagrostis canadensis,,0,0,1,1,,0,NA,,,,,,,,,NA,NA,NA,NA,NA,NA,NA,NA,NA,NA,NA,NA,NA,NA,NA
GRME09,216,NA,NA,8/14/2020,2020,VS,1,Lysimachia terrestris,,0,0,0,1,,0,NA,,,,,,,,,NA,NA,NA,NA,NA,NA,NA,NA,NA,NA,NA,NA,NA,NA,NA
GRME09,216,NA,NA,8/14/2020,2020,VS,1,Pinus strobus,,0,0,1,1,,0,NA,,,,,,,,,NA,NA,NA,NA,NA,NA,NA,NA,NA,NA,NA,NA,NA,NA,NA
GRME09,216,NA,NA,8/14/2020,2020,VS,1,Larix laricina,,1,1,1,1,,0,NA,,,,,,,,,NA,NA,NA,NA,NA,NA,NA,NA,NA,NA,NA,NA,NA,NA,NA
GRME08,214,NA,NA,8/12/2020,2020,VS,1,Salix petiolaris,,1,1,1,1,,0,8%,,,,,,,,,NA,NA,NA,NA,NA,NA,NA,NA,NA,NA,NA,NA,NA,NA,NA
GRME08,214,NA,NA,8/12/2020,2020,VS,1,Carex lacustris,,1,1,1,1,,0,40%,,,,,,,,,NA,NA,NA,NA,NA,NA,NA,NA,NA,NA,NA,NA,NA,NA,NA
GRME08,214,NA,NA,8/12/2020,2020,VS,1,Myrica gale,,1,1,1,1,,0,35%,,,,,,,,,NA,NA,NA,NA,NA,NA,NA,NA,NA,NA,NA,NA,NA,NA,NA
GRME08,214,NA,NA,8/12/2020,2020,VS,1,Spiraea alba,,1,1,1,1,,0,NA,,,,,,,,,NA,NA,NA,NA,NA,NA,NA,NA,NA,NA,NA,NA,NA,NA,NA
GRME08,214,NA,NA,8/12/2020,2020,VS,1,Calamagrostis canadensis,,1,1,1,1,,0,25%,,,,,,,,,NA,NA,NA,NA,NA,NA,NA,NA,NA,NA,NA,NA,NA,NA,NA
GRME08,214,NA,NA,8/12/2020,2020,VS,1,Kalmia angustifolia,,1,0,0,0,,0,NA,,,,,,,,,NA,NA,NA,NA,NA,NA,NA,NA,NA,NA,NA,NA,NA,NA,NA
GRME08,214,NA,NA,8/12/2020,2020,VS,1,Carex lasiocarpa,,1,1,1,1,,0,10%,,,,,,,,,NA,NA,NA,NA,NA,NA,NA,NA,NA,NA,NA,NA,NA,NA,NA
GRME08,214,NA,NA,8/12/2020,2020,VS,1,Alnus incana ssp. Rugosa,,1,1,1,1,,0,8%,,,,,,,,,NA,NA,NA,NA,NA,NA,NA,NA,NA,NA,NA,NA,NA,NA,NA
GRME08,214,NA,NA,8/12/2020,2020,VS,1,Acer rubrum,,1,1,0,1,,0,NA,,,,,,,,,NA,NA,NA,NA,NA,NA,NA,NA,NA,NA,NA,NA,NA,NA,NA
GRME08,214,NA,NA,8/12/2020,2020,VS,1,Betula populifolia,,1,1,0,0,,0,NA,,,,,,,,,NA,NA,NA,NA,NA,NA,NA,NA,NA,NA,NA,NA,NA,NA,NA
GRME08,214,NA,NA,8/12/2020,2020,VS,1,Lysimachia terrestris,,1,1,0,1,,0,NA,,,,,,,,,NA,NA,NA,NA,NA,NA,NA,NA,NA,NA,NA,NA,NA,NA,NA
GRME08,214,NA,NA,8/12/2020,2020,VS,1,Solidago altissima,,1,0,0,0,,0,NA,,,,,,,,,NA,NA,NA,NA,NA,NA,NA,NA,NA,NA,NA,NA,NA,NA,NA
GRME08,214,NA,NA,8/12/2020,2020,VS,1,Chamaedaphne calyculata,,1,0,0,0,,0,NA,,,,,,,,,NA,NA,NA,NA,NA,NA,NA,NA,NA,NA,NA,NA,NA,NA,NA
GRME08,214,NA,NA,8/12/2020,2020,VS,1,Scirpus cyperinus,,1,1,1,1,,0,NA,,,,,,,,,NA,NA,NA,NA,NA,NA,NA,NA,NA,NA,NA,NA,NA,NA,NA
GRME08,214,NA,NA,8/12/2020,2020,VS,1,Onoclea sensibilis,,1,0,0,0,,0,NA,,,,,,,,,NA,NA,NA,NA,NA,NA,NA,NA,NA,NA,NA,NA,NA,NA,NA
GRME08,214,NA,NA,8/12/2020,2020,VS,1,Pinus strobus,,1,0,0,0,,0,NA,,,,,,,,,NA,NA,NA,NA,NA,NA,NA,NA,NA,NA,NA,NA,NA,NA,NA
GRME08,214,NA,NA,8/12/2020,2020,VS,1,Impatiens capensis,,1,0,0,0,,0,NA,,,,,,,,,NA,NA,NA,NA,NA,NA,NA,NA,NA,NA,NA,NA,NA,NA,NA
GRME08,214,NA,NA,8/12/2020,2020,VS,1,Ilex verticillata,,1,1,0,1,,0,NA,,,,,,,,,NA,NA,NA,NA,NA,NA,NA,NA,NA,NA,NA,NA,NA,NA,NA
GRME08,214,NA,NA,8/12/2020,2020,VS,1,Frangula alnus,,0,1,0,0,,0,NA,,,,,,,,,NA,NA,NA,NA,NA,NA,NA,NA,NA,NA,NA,NA,NA,NA,NA
GRME08,214,NA,NA,8/12/2020,2020,VS,1,Solidago,,0,1,0,0,,0,NA,,,,,,,,,NA,NA,NA,NA,NA,NA,NA,NA,NA,NA,NA,NA,NA,NA,NA
GRME08,214,NA,NA,8/12/2020,2020,VS,1,Doellingeria umbellata,,0,1,0,0,,0,NA,,,,,,,,,NA,NA,NA,NA,NA,NA,NA,NA,NA,NA,NA,NA,NA,NA,NA
GRME08,214,NA,NA,8/12/2020,2020,VS,1,Salix bebbiana,,0,1,0,0,,0,NA,,,,,,,,,NA,NA,NA,NA,NA,NA,NA,NA,NA,NA,NA,NA,NA,NA,NA
GRME08,214,NA,NA,8/12/2020,2020,VS,1,Populus tremuloides,,0,1,0,0,,0,NA,,,,,,,,,NA,NA,NA,NA,NA,NA,NA,NA,NA,NA,NA,NA,NA,NA,NA
GRME08,214,NA,NA,8/12/2020,2020,VS,1,Vaccinium corymbosum,,0,1,0,0,,0,NA,,,,,,,,,NA,NA,NA,NA,NA,NA,NA,NA,NA,NA,NA,NA,NA,NA,NA
GRME08,214,NA,NA,8/12/2020,2020,VS,1,Agrostis stolonifera,,0,1,1,1,,0,NA,,,,,,,,,NA,NA,NA,NA,NA,NA,NA,NA,NA,NA,NA,NA,NA,NA,NA
GRME08,214,NA,NA,8/12/2020,2020,VS,1,Dulichium,,0,1,1,0,,0,NA,,,,,,,,,NA,NA,NA,NA,NA,NA,NA,NA,NA,NA,NA,NA,NA,NA,NA
GRME08,214,NA,NA,8/12/2020,2020,VS,1,Juncus canadensis,,0,1,0,0,,0,NA,,,,,,,,,NA,NA,NA,NA,NA,NA,NA,NA,NA,NA,NA,NA,NA,NA,NA
GRME08,214,NA,NA,8/12/2020,2020,VS,1,Triadenum fraseri,,0,1,0,0,,0,NA,,,,,,,,,NA,NA,NA,NA,NA,NA,NA,NA,NA,NA,NA,NA,NA,NA,NA
GRME08,214,NA,NA,8/12/2020,2020,VS,1,Iris versicolor,,0,1,0,0,,0,NA,,,,,,,,,NA,NA,NA,NA,NA,NA,NA,NA,NA,NA,NA,NA,NA,NA,NA
GRME08,214,NA,NA,8/12/2020,2020,VS,1,Carex utriculata,,1,1,1,1,,0,NA,,,,,,,,,NA,NA,NA,NA,NA,NA,NA,NA,NA,NA,NA,NA,NA,NA,NA
GRME08,214,NA,NA,8/12/2020,2020,VS,1,Unknown Agrostis,,1,1,1,0,,0,NA,,,,,,,,,NA,NA,NA,NA,NA,NA,NA,NA,NA,NA,NA,NA,NA,NA,NA
GRME08,214,NA,NA,8/12/2020,2020,VS,1,Scirpus atrocinctus,,0,0,1,0,,0,NA,,,,,,,,,NA,NA,NA,NA,NA,NA,NA,NA,NA,NA,NA,NA,NA,NA,NA
GRME08,214,NA,NA,8/12/2020,2020,VS,1,Bryophytes,,0,0,0,1,,0,NA,,,,,,,,,NA,NA,NA,NA,NA,NA,NA,NA,NA,NA,NA,NA,NA,NA,NA
GRME08,214,NA,NA,8/12/2020,2020,VS,1,Carex brunnescens,,0,0,0,1,,0,NA,,,,,,,,,NA,NA,NA,NA,NA,NA,NA,NA,NA,NA,NA,NA,NA,NA,NA
GRME08,214,NA,NA,8/12/2020,2020,VS,1,Carex stricta,,1,0,0,1,,0,NA,,,,,,,,,NA,NA,NA,NA,NA,NA,NA,NA,NA,NA,NA,NA,NA,NA,NA
GRME06,221,NA,NA,8/14/2020,2020,VS,1,Larix laricina,,1,0,0,0,,0,NA,,,,,,,,,NA,NA,NA,NA,NA,NA,NA,NA,NA,NA,NA,NA,NA,NA,NA
GRME07,217,NA,NA,8/14/2020,2020,VS,1,Myrica gale,,1,1,1,1,,0,15%,,,,,,,,,NA,NA,NA,NA,NA,NA,NA,NA,NA,NA,NA,NA,NA,NA,NA
GRME07,217,NA,NA,8/14/2020,2020,VS,1,Calamagrostis canadensis,,1,1,1,1,,0,53%,,,,,,,,,NA,NA,NA,NA,NA,NA,NA,NA,NA,NA,NA,NA,NA,NA,NA
GRME07,217,NA,NA,8/14/2020,2020,VS,1,Acer rubrum,,1,1,1,1,,0,10%,,,,,,,,,NA,NA,NA,NA,NA,NA,NA,NA,NA,NA,NA,NA,NA,NA,NA
GRME07,217,NA,NA,8/14/2020,2020,VS,1,Betula populifolia,,1,1,1,1,,0,16%,,,,,,,,,NA,NA,NA,NA,NA,NA,NA,NA,NA,NA,NA,NA,NA,NA,NA
GRME07,217,NA,NA,8/14/2020,2020,VS,1,Spiraea alba,,1,1,1,1,,0,NA,,,,,,,,,NA,NA,NA,NA,NA,NA,NA,NA,NA,NA,NA,NA,NA,NA,NA
GRME07,217,NA,NA,8/14/2020,2020,VS,1,Ilex verticillata,,1,1,1,1,,0,NA,,,,,,,,,NA,NA,NA,NA,NA,NA,NA,NA,NA,NA,NA,NA,NA,NA,NA
GRME07,217,NA,NA,8/14/2020,2020,VS,1,Carex stricta,,1,1,1,1,,0,25%,,,,,,,,,NA,NA,NA,NA,NA,NA,NA,NA,NA,NA,NA,NA,NA,NA,NA
GRME04,222,NA,NA,8/14/2020,2020,VS,1,Larix laricina,,1,0,0,0,,0,NA,,,,,,,,,NA,NA,NA,NA,NA,NA,NA,NA,NA,NA,NA,NA,NA,NA,NA
GRME07,217,NA,NA,8/14/2020,2020,VS,1,Bryophytes,,1,1,1,1,,0,NA,,,,,,,,,NA,NA,NA,NA,NA,NA,NA,NA,NA,NA,NA,NA,NA,NA,NA
GRME07,217,NA,NA,8/14/2020,2020,VS,1,Rhamnus alnifolia,,1,1,0,0,,0,NA,,,,,,,,,NA,NA,NA,NA,NA,NA,NA,NA,NA,NA,NA,NA,NA,NA,NA
GRME07,217,NA,NA,8/14/2020,2020,VS,1,Alnus incana ssp. Rugosa,,1,1,1,1,,0,NA,,,,,,,,,NA,NA,NA,NA,NA,NA,NA,NA,NA,NA,NA,NA,NA,NA,NA
GRME07,217,NA,NA,8/14/2020,2020,VS,1,Aronia melanocarpa,,1,0,0,0,,0,NA,,,,,,,,,NA,NA,NA,NA,NA,NA,NA,NA,NA,NA,NA,NA,NA,NA,NA
GRME07,217,NA,NA,8/14/2020,2020,VS,1,Osmunda regalis,,1,1,1,1,,0,NA,,,,,,,,,NA,NA,NA,NA,NA,NA,NA,NA,NA,NA,NA,NA,NA,NA,NA
GRME07,217,NA,NA,8/14/2020,2020,VS,1,Triadenum fraseri,,1,1,0,0,,0,NA,,,,,,,,,NA,NA,NA,NA,NA,NA,NA,NA,NA,NA,NA,NA,NA,NA,NA
GRME07,217,NA,NA,8/14/2020,2020,VS,1,Viburnum dilatatum,,0,1,0,0,,0,NA,,,,,,,,,NA,NA,NA,NA,NA,NA,NA,NA,NA,NA,NA,NA,NA,NA,NA
GRME07,217,NA,NA,8/14/2020,2020,VS,1,Thelypteris palustris,,0,1,1,0,,0,NA,,,,,,,,,NA,NA,NA,NA,NA,NA,NA,NA,NA,NA,NA,NA,NA,NA,NA
GRME07,217,NA,NA,8/14/2020,2020,VS,1,Pinus strobus,,0,0,1,0,,0,NA,,,,,,,,,NA,NA,NA,NA,NA,NA,NA,NA,NA,NA,NA,NA,NA,NA,NA
GRME07,217,NA,NA,8/14/2020,2020,VS,1,Rubus hispidus,,0,0,1,0,,0,NA,,,,,,,,,NA,NA,NA,NA,NA,NA,NA,NA,NA,NA,NA,NA,NA,NA,NA
GRME07,217,NA,NA,8/14/2020,2020,VS,1,Rubus pubescens,,0,0,1,0,,0,NA,,,,,,,,,NA,NA,NA,NA,NA,NA,NA,NA,NA,NA,NA,NA,NA,NA,NA
GRME07,217,NA,NA,8/14/2020,2020,VS,1,Spiraea tomentosa,,0,0,1,0,,0,NA,,,,,,,,,NA,NA,NA,NA,NA,NA,NA,NA,NA,NA,NA,NA,NA,NA,NA
GRME07,217,NA,NA,8/14/2020,2020,VS,1,Lysimachia terrestris,,0,0,1,1,,0,NA,,,,,,,,,NA,NA,NA,NA,NA,NA,NA,NA,NA,NA,NA,NA,NA,NA,NA
GRME07,217,NA,NA,8/14/2020,2020,VS,1,Kalmia angustifolia,,0,0,1,1,,0,NA,,,,,,,,,NA,NA,NA,NA,NA,NA,NA,NA,NA,NA,NA,NA,NA,NA,NA
GRME07,217,NA,NA,8/14/2020,2020,VS,1,Iris versicolor,,0,0,0,1,,0,NA,,,,,,,,,NA,NA,NA,NA,NA,NA,NA,NA,NA,NA,NA,NA,NA,NA,NA
GRME01,218,NA,NA,8/14/2020,2020,VS,1,Larix laricina,,0,0,0,1,,0,NA,,,,,,,,,NA,NA,NA,NA,NA,NA,NA,NA,NA,NA,NA,NA,NA,NA,NA
GRME06,221,NA,NA,8/14/2020,2020,VS,1,Vaccinium corymbosum,,1,1,1,1,,0,NA,,,,,,,,,NA,NA,NA,NA,NA,NA,NA,NA,NA,NA,NA,NA,NA,NA,NA
GRME06,221,NA,NA,8/14/2020,2020,VS,1,Bryophytes,,1,1,1,1,,0,NA,,,,,,,,,NA,NA,NA,NA,NA,NA,NA,NA,NA,NA,NA,NA,NA,NA,NA
GRME06,221,NA,NA,8/14/2020,2020,VS,1,Rhamnus alnifolia,,1,1,1,1,,0,NA,,,,,,,,,NA,NA,NA,NA,NA,NA,NA,NA,NA,NA,NA,NA,NA,NA,NA
GRME06,221,NA,NA,8/14/2020,2020,VS,1,Acer rubrum,,1,1,1,1,,0,30%,,,,,,,,,NA,NA,NA,NA,NA,NA,NA,NA,NA,NA,NA,NA,NA,NA,NA
GRME06,221,NA,NA,8/14/2020,2020,VS,1,Betula populifolia,,1,1,1,1,,0,18%,,,,,,,,,NA,NA,NA,NA,NA,NA,NA,NA,NA,NA,NA,NA,NA,NA,NA
GRME06,221,NA,NA,8/14/2020,2020,VS,1,Carex stricta,,1,1,1,1,,0,35%,,,,,,,,,NA,NA,NA,NA,NA,NA,NA,NA,NA,NA,NA,NA,NA,NA,NA
GRME06,221,NA,NA,8/14/2020,2020,VS,1,Carex folliculata,,1,1,1,0,,0,NA,,,,,,,,,NA,NA,NA,NA,NA,NA,NA,NA,NA,NA,NA,NA,NA,NA,NA
GRME06,221,NA,NA,8/14/2020,2020,VS,1,Carex novae-angliae,,1,1,1,1,,0,NA,,,,,,,,,NA,NA,NA,NA,NA,NA,NA,NA,NA,NA,NA,NA,NA,NA,NA
GRME06,221,NA,NA,8/14/2020,2020,VS,1,Ilex mucronata,,1,1,1,0,,0,NA,,,,,,,,,NA,NA,NA,NA,NA,NA,NA,NA,NA,NA,NA,NA,NA,NA,NA
GRME06,221,NA,NA,8/14/2020,2020,VS,1,Ilex verticillata,,1,1,1,0,,0,NA,,,,,,,,,NA,NA,NA,NA,NA,NA,NA,NA,NA,NA,NA,NA,NA,NA,NA
GRME06,221,NA,NA,8/14/2020,2020,VS,1,Chamaedaphne calyculata,,1,1,0,1,,0,NA,,,,,,,,,NA,NA,NA,NA,NA,NA,NA,NA,NA,NA,NA,NA,NA,NA,NA
GRME06,221,NA,NA,8/14/2020,2020,VS,1,Kalmia angustifolia,,1,1,0,0,,0,NA,,,,,,,,,NA,NA,NA,NA,NA,NA,NA,NA,NA,NA,NA,NA,NA,NA,NA
GRME06,221,NA,NA,8/14/2020,2020,VS,1,Carex lacustris,,1,1,1,0,,0,NA,,,,,,,,,NA,NA,NA,NA,NA,NA,NA,NA,NA,NA,NA,NA,NA,NA,NA
GRME06,221,NA,NA,8/14/2020,2020,VS,1,Calamagrostis canadensis,,1,1,0,1,,0,NA,,,,,,,,,NA,NA,NA,NA,NA,NA,NA,NA,NA,NA,NA,NA,NA,NA,NA
GRME06,221,NA,NA,8/14/2020,2020,VS,1,Rhodora,,1,1,0,0,,0,NA,,,,,,,,,NA,NA,NA,NA,NA,NA,NA,NA,NA,NA,NA,NA,NA,NA,NA
GRME06,221,NA,NA,8/14/2020,2020,VS,1,Carex brunnescens,,1,1,0,0,,0,NA,,,,,,,,,NA,NA,NA,NA,NA,NA,NA,NA,NA,NA,NA,NA,NA,NA,NA
GRME06,221,NA,NA,8/14/2020,2020,VS,1,Carex trisperma,,1,0,0,1,,0,NA,,,,,,,,,NA,NA,NA,NA,NA,NA,NA,NA,NA,NA,NA,NA,NA,NA,NA
GRME06,221,NA,NA,8/14/2020,2020,VS,1,Carex echinata,,1,1,1,1,,0,NA,,,,,,,,,NA,NA,NA,NA,NA,NA,NA,NA,NA,NA,NA,NA,NA,NA,NA
GRME06,221,NA,NA,8/14/2020,2020,VS,1,Spiraea tomentosa,,1,0,0,0,,0,NA,,,,,,,,,NA,NA,NA,NA,NA,NA,NA,NA,NA,NA,NA,NA,NA,NA,NA
GRME06,221,NA,NA,8/14/2020,2020,VS,1,Spiraea alba,,1,0,0,0,,0,NA,,,,,,,,,NA,NA,NA,NA,NA,NA,NA,NA,NA,NA,NA,NA,NA,NA,NA
GRME06,221,NA,NA,8/14/2020,2020,VS,1,Betula papyrifera,,0,1,0,0,,0,NA,,,,,,,,,NA,NA,NA,NA,NA,NA,NA,NA,NA,NA,NA,NA,NA,NA,NA
GRME06,221,NA,NA,8/14/2020,2020,VS,1,Scirpus cyperinus,,0,1,0,1,,0,NA,,,,,,,,,NA,NA,NA,NA,NA,NA,NA,NA,NA,NA,NA,NA,NA,NA,NA
GRME06,221,NA,NA,8/14/2020,2020,VS,1,Rubus hispidus,,0,1,1,0,,0,NA,,,,,,,,,NA,NA,NA,NA,NA,NA,NA,NA,NA,NA,NA,NA,NA,NA,NA
GRME06,221,NA,NA,8/14/2020,2020,VS,1,Trientalis borealis,,0,1,1,1,,0,NA,,,,,,,,,NA,NA,NA,NA,NA,NA,NA,NA,NA,NA,NA,NA,NA,NA,NA
GRME06,221,NA,NA,8/14/2020,2020,VS,1,Myrica gale,,0,1,0,0,,0,NA,,,,,,,,,NA,NA,NA,NA,NA,NA,NA,NA,NA,NA,NA,NA,NA,NA,NA
GRME06,221,NA,NA,8/14/2020,2020,VS,1,Lysimachia terrestris,,0,1,1,1,,0,NA,,,,,,,,,NA,NA,NA,NA,NA,NA,NA,NA,NA,NA,NA,NA,NA,NA,NA
GRME06,221,NA,NA,8/14/2020,2020,VS,1,Carex atlantica,,0,1,0,0,,0,NA,,,,,,,,,NA,NA,NA,NA,NA,NA,NA,NA,NA,NA,NA,NA,NA,NA,NA
GRME06,221,NA,NA,8/14/2020,2020,VS,1,Juncus tenuis,,0,0,1,0,,1,NA,,,,,,,,,NA,NA,NA,NA,NA,NA,NA,NA,NA,NA,NA,NA,NA,NA,NA
GRME06,221,NA,NA,8/14/2020,2020,VS,1,Carex debilis,,0,0,1,1,,0,NA,,,,,,,,,NA,NA,NA,NA,NA,NA,NA,NA,NA,NA,NA,NA,NA,NA,NA
GRME06,221,NA,NA,8/14/2020,2020,VS,1,Dulichium,,0,0,0,1,,0,NA,,,,,,,,,NA,NA,NA,NA,NA,NA,NA,NA,NA,NA,NA,NA,NA,NA,NA
GRME05,219,NA,NA,8/12/2020,2020,VS,1,Carex utriculata,,1,1,1,1,,0,30%,,,,,,,,,NA,NA,NA,NA,NA,NA,NA,NA,NA,NA,NA,NA,NA,NA,NA
GRME05,219,NA,NA,8/12/2020,2020,VS,1,Calamagrostis canadensis,,1,1,1,1,,0,55%,,,,,,,,,NA,NA,NA,NA,NA,NA,NA,NA,NA,NA,NA,NA,NA,NA,NA
GRME05,219,NA,NA,8/12/2020,2020,VS,1,Carex lacustris,,1,1,1,1,,0,4%,,,,,,,,,NA,NA,NA,NA,NA,NA,NA,NA,NA,NA,NA,NA,NA,NA,NA
GRME05,219,NA,NA,8/12/2020,2020,VS,1,Myrica gale,,1,1,1,1,,0,NA,,,,,,,,,NA,NA,NA,NA,NA,NA,NA,NA,NA,NA,NA,NA,NA,NA,NA
GRME05,219,NA,NA,8/12/2020,2020,VS,1,Carex lasiocarpa,,1,1,1,1,,0,35%,,,,,,,,,NA,NA,NA,NA,NA,NA,NA,NA,NA,NA,NA,NA,NA,NA,NA
GRME05,219,NA,NA,8/12/2020,2020,VS,1,Juncus canadensis,,1,0,0,1,,0,NA,,,,,,,,,NA,NA,NA,NA,NA,NA,NA,NA,NA,NA,NA,NA,NA,NA,NA
GRME05,219,NA,NA,8/12/2020,2020,VS,1,Scirpus cyperinus,,1,1,1,0,,0,NA,,,,,,,,,NA,NA,NA,NA,NA,NA,NA,NA,NA,NA,NA,NA,NA,NA,NA
GRME05,219,NA,NA,8/12/2020,2020,VS,1,Scirpus atrocinctus,,1,0,0,1,,0,NA,,,,,,,,,NA,NA,NA,NA,NA,NA,NA,NA,NA,NA,NA,NA,NA,NA,NA
GRME05,219,NA,NA,8/12/2020,2020,VS,1,Juncus brevicaudatus,,1,0,0,0,,0,NA,,,,,,,,,NA,NA,NA,NA,NA,NA,NA,NA,NA,NA,NA,NA,NA,NA,NA
GRME05,219,NA,NA,8/12/2020,2020,VS,1,Spiraea alba,,1,1,1,1,,0,NA,,,,,,,,,NA,NA,NA,NA,NA,NA,NA,NA,NA,NA,NA,NA,NA,NA,NA
GRME05,219,NA,NA,8/12/2020,2020,VS,1,Agrostis stolonifera,,0,1,1,0,,0,NA,,,,,,,,,NA,NA,NA,NA,NA,NA,NA,NA,NA,NA,NA,NA,NA,NA,NA
GRME05,219,NA,NA,8/12/2020,2020,VS,1,Lysimachia terrestris,,0,1,1,1,,0,NA,,,,,,,,,NA,NA,NA,NA,NA,NA,NA,NA,NA,NA,NA,NA,NA,NA,NA
GRME05,219,NA,NA,8/12/2020,2020,VS,1,Alnus incana ssp. Rugosa,,0,1,0,0,,0,NA,,,,,,,,,NA,NA,NA,NA,NA,NA,NA,NA,NA,NA,NA,NA,NA,NA,NA
GRME05,219,NA,NA,8/12/2020,2020,VS,1,Triadenum fraseri,,0,1,1,1,,0,NA,,,,,,,,,NA,NA,NA,NA,NA,NA,NA,NA,NA,NA,NA,NA,NA,NA,NA
GRME05,219,NA,NA,8/12/2020,2020,VS,1,Nuphar,,0,0,1,1,,0,NA,,,,,,,,,NA,NA,NA,NA,NA,NA,NA,NA,NA,NA,NA,NA,NA,NA,NA
GRME05,219,NA,NA,8/12/2020,2020,VS,1,Glyceria borealis,,0,0,1,0,,0,NA,,,,,,,,,NA,NA,NA,NA,NA,NA,NA,NA,NA,NA,NA,NA,NA,NA,NA
GRME05,219,NA,NA,8/12/2020,2020,VS,1,Sparganium emersum,,0,0,1,0,,0,NA,,,,,,,,,NA,NA,NA,NA,NA,NA,NA,NA,NA,NA,NA,NA,NA,NA,NA
GRME05,219,NA,NA,8/12/2020,2020,VS,1,Dulichium,,0,0,1,1,,0,NA,,,,,,,,,NA,NA,NA,NA,NA,NA,NA,NA,NA,NA,NA,NA,NA,NA,NA
GRME05,219,NA,NA,8/12/2020,2020,VS,1,Sagittaria latifolia,,0,0,1,0,,0,NA,,,,,,,,,NA,NA,NA,NA,NA,NA,NA,NA,NA,NA,NA,NA,NA,NA,NA
GRME05,219,NA,NA,8/12/2020,2020,VS,1,Carex vesicaria,,0,0,1,1,,0,NA,,,,,,,,,NA,NA,NA,NA,NA,NA,NA,NA,NA,NA,NA,NA,NA,NA,NA
GRME05,219,NA,NA,8/12/2020,2020,VS,1,Glyceria canadensis,,0,0,0,1,,0,NA,,,,,,,,,NA,NA,NA,NA,NA,NA,NA,NA,NA,NA,NA,NA,NA,NA,NA
GRME05,219,NA,NA,8/12/2020,2020,VS,1,Carex brunnescens,,0,0,0,1,,0,NA,,,,,,,,,NA,NA,NA,NA,NA,NA,NA,NA,NA,NA,NA,NA,NA,NA,NA
GRME09,216,NA,NA,8/14/2020,2020,VS,1,Osmundastrum cinnamomea,,1,1,1,1,,0,NA,,,,,,,,,NA,NA,NA,NA,NA,NA,NA,NA,NA,NA,NA,NA,NA,NA,NA
GRME04,222,NA,NA,8/14/2020,2020,VS,1,Rhamnus alnifolia,,1,1,1,1,,0,1%,,,,,,,,,NA,NA,NA,NA,NA,NA,NA,NA,NA,NA,NA,NA,NA,NA,NA
GRME04,222,NA,NA,8/14/2020,2020,VS,1,Trientalis borealis,,1,1,1,1,,0,NA,,,,,,,,,NA,NA,NA,NA,NA,NA,NA,NA,NA,NA,NA,NA,NA,NA,NA
GRME04,222,NA,NA,8/14/2020,2020,VS,1,Carex stricta,,1,1,1,1,,0,50%,,,,,,,,,NA,NA,NA,NA,NA,NA,NA,NA,NA,NA,NA,NA,NA,NA,NA
GRME04,222,NA,NA,8/14/2020,2020,VS,1,Dryopteris carthusiana,,1,1,1,1,,0,NA,,,,,,,,,NA,NA,NA,NA,NA,NA,NA,NA,NA,NA,NA,NA,NA,NA,NA
GRME04,222,NA,NA,8/14/2020,2020,VS,1,Acer rubrum,,1,1,1,1,,0,33%,,,,,,,,,NA,NA,NA,NA,NA,NA,NA,NA,NA,NA,NA,NA,NA,NA,NA
GRME04,222,NA,NA,8/14/2020,2020,VS,1,Maianthemum canadense,,1,0,1,1,,0,NA,,,,,,,,,NA,NA,NA,NA,NA,NA,NA,NA,NA,NA,NA,NA,NA,NA,NA
GRME04,222,NA,NA,8/14/2020,2020,VS,1,Rubus hispidus,,1,1,1,1,,0,NA,,,,,,,,,NA,NA,NA,NA,NA,NA,NA,NA,NA,NA,NA,NA,NA,NA,NA
GRME04,222,NA,NA,8/14/2020,2020,VS,1,Vaccinium corymbosum,,1,1,1,1,,0,NA,,,,,,,,,NA,NA,NA,NA,NA,NA,NA,NA,NA,NA,NA,NA,NA,NA,NA
GRME04,222,NA,NA,8/14/2020,2020,VS,1,Betula papyrifera,,1,1,1,1,,19%,NA,,,,,,,,,NA,NA,NA,NA,NA,NA,NA,NA,NA,NA,NA,NA,NA,NA,NA
GRME04,222,NA,NA,8/14/2020,2020,VS,1,Betula populifolia,,1,0,0,0,,0,NA,,,,,,,,,NA,NA,NA,NA,NA,NA,NA,NA,NA,NA,NA,NA,NA,NA,NA
GRME04,222,NA,NA,8/14/2020,2020,VS,1,Bryophytes,,1,1,1,1,,0,NA,,,,,,,,,NA,NA,NA,NA,NA,NA,NA,NA,NA,NA,NA,NA,NA,NA,NA
GRME04,222,NA,NA,8/14/2020,2020,VS,1,Lysimachia terrestris,,1,0,1,1,,0,NA,,,,,,,,,NA,NA,NA,NA,NA,NA,NA,NA,NA,NA,NA,NA,NA,NA,NA
GRME04,222,NA,NA,8/14/2020,2020,VS,1,Calamagrostis canadensis,,1,1,0,1,,0,NA,,,,,,,,,NA,NA,NA,NA,NA,NA,NA,NA,NA,NA,NA,NA,NA,NA,NA
GRME04,222,NA,NA,8/14/2020,2020,VS,1,Carex trisperma,,1,1,0,0,,0,NA,,,,,,,,,NA,NA,NA,NA,NA,NA,NA,NA,NA,NA,NA,NA,NA,NA,NA
GRME04,222,NA,NA,8/14/2020,2020,VS,1,Pinus strobus,,1,1,1,1,,0,NA,,,,,,,,,NA,NA,NA,NA,NA,NA,NA,NA,NA,NA,NA,NA,NA,NA,NA
GRME04,222,NA,NA,8/14/2020,2020,VS,1,Doellingeria umbellata,,1,1,1,1,,0,NA,,,,,,,,,NA,NA,NA,NA,NA,NA,NA,NA,NA,NA,NA,NA,NA,NA,NA
GRME04,222,NA,NA,8/14/2020,2020,VS,1,Ilex verticillata,,1,1,1,1,,0,NA,,,,,,,,,NA,NA,NA,NA,NA,NA,NA,NA,NA,NA,NA,NA,NA,NA,NA
GRME04,222,NA,NA,8/14/2020,2020,VS,1,Maianthemum canadense,,1,1,1,1,,0,NA,,,,,,,,,NA,NA,NA,NA,NA,NA,NA,NA,NA,NA,NA,NA,NA,NA,NA
GRME04,222,NA,NA,8/14/2020,2020,VS,1,Dryopteris intermedia,,1,0,1,1,,0,NA,,,,,,,,,NA,NA,NA,NA,NA,NA,NA,NA,NA,NA,NA,NA,NA,NA,NA
GRME04,222,NA,NA,8/14/2020,2020,VS,1,Carex debilis,,1,1,1,1,,0,NA,,,,,,,,,NA,NA,NA,NA,NA,NA,NA,NA,NA,NA,NA,NA,NA,NA,NA
GRME04,222,NA,NA,8/14/2020,2020,VS,1,Carex brunnescens,,1,1,1,1,,0,NA,,,,,,,,,NA,NA,NA,NA,NA,NA,NA,NA,NA,NA,NA,NA,NA,NA,NA
GRME04,222,NA,NA,8/14/2020,2020,VS,1,Picea rubens,,1,1,1,0,,0,NA,,,,,,,,,NA,NA,NA,NA,NA,NA,NA,NA,NA,NA,NA,NA,NA,NA,NA
GRME04,222,NA,NA,8/14/2020,2020,VS,1,Carex folliculata,,1,1,0,0,,0,NA,,,,,,,,,NA,NA,NA,NA,NA,NA,NA,NA,NA,NA,NA,NA,NA,NA,NA
GRME04,222,NA,NA,8/14/2020,2020,VS,1,Carex novae-angliae,,0,1,1,1,,0,NA,,,,,,,,,NA,NA,NA,NA,NA,NA,NA,NA,NA,NA,NA,NA,NA,NA,NA
GRME04,222,NA,NA,8/14/2020,2020,VS,1,Vaccinium angustifolium,,0,1,0,0,,0,NA,,,,,,,,,NA,NA,NA,NA,NA,NA,NA,NA,NA,NA,NA,NA,NA,NA,NA
GRME04,222,NA,NA,8/14/2020,2020,VS,1,Dryopteris cristata,,0,1,1,0,,0,NA,,,,,,,,,NA,NA,NA,NA,NA,NA,NA,NA,NA,NA,NA,NA,NA,NA,NA
GRME04,222,NA,NA,8/14/2020,2020,VS,1,Osmunda regalis,,0,0,1,1,,0,NA,,,,,,,,,NA,NA,NA,NA,NA,NA,NA,NA,NA,NA,NA,NA,NA,NA,NA
GRME04,222,NA,NA,8/14/2020,2020,VS,1,Oclemena acuminata,,0,0,1,0,,0,NA,,,,,,,,,NA,NA,NA,NA,NA,NA,NA,NA,NA,NA,NA,NA,NA,NA,NA
GRME04,222,NA,NA,8/14/2020,2020,VS,1,Quercus rubra,,0,0,0,1,,0,NA,,,,,,,,,NA,NA,NA,NA,NA,NA,NA,NA,NA,NA,NA,NA,NA,NA,NA
GRME04,222,NA,NA,8/14/2020,2020,VS,1,Danthonia spicata,,0,0,0,1,,0,NA,,,,,,,,,NA,NA,NA,NA,NA,NA,NA,NA,NA,NA,NA,NA,NA,NA,NA
GRME04,222,NA,NA,8/14/2020,2020,VS,1,Agrostis perennans,,0,0,0,1,,0,NA,,,,,,,,,NA,NA,NA,NA,NA,NA,NA,NA,NA,NA,NA,NA,NA,NA,NA
GRME04,222,NA,NA,8/14/2020,2020,VS,1,Brachyelytrum,,0,0,0,1,,0,NA,,,,,,,,,NA,NA,NA,NA,NA,NA,NA,NA,NA,NA,NA,NA,NA,NA,NA
GRME07,217,NA,NA,8/14/2020,2020,VS,1,Osmundastrum cinnamomea,,1,1,1,1,,0,NA,,,,,,,,,NA,NA,NA,NA,NA,NA,NA,NA,NA,NA,NA,NA,NA,NA,NA
GRME06,221,NA,NA,8/14/2020,2020,VS,1,Osmundastrum cinnamomea,,1,1,1,1,,0,NA,,,,,,,,,NA,NA,NA,NA,NA,NA,NA,NA,NA,NA,NA,NA,NA,NA,NA
GRME03,215,NA,NA,8/14/2020,2020,VS,1,Frangula alnus,,1,1,1,1,,0,NA,,,,,,,,,NA,NA,NA,NA,NA,NA,NA,NA,NA,NA,NA,NA,NA,NA,NA
GRME03,215,NA,NA,8/14/2020,2020,VS,1,Vaccinium corymbosum,,1,0,1,1,,0,NA,,,,,,,,,NA,NA,NA,NA,NA,NA,NA,NA,NA,NA,NA,NA,NA,NA,NA
GRME03,215,NA,NA,8/14/2020,2020,VS,1,Betula populifolia,,1,1,0,1,,0,NA,,,,,,,,,NA,NA,NA,NA,NA,NA,NA,NA,NA,NA,NA,NA,NA,NA,NA
GRME04,222,NA,NA,8/14/2020,2020,VS,1,Osmundastrum cinnamomea,,1,1,1,1,,0,NA,,,,,,,,,NA,NA,NA,NA,NA,NA,NA,NA,NA,NA,NA,NA,NA,NA,NA
GRME03,215,NA,NA,8/14/2020,2020,VS,1,Trientalis borealis,,1,1,1,1,,0,NA,,,,,,,,,NA,NA,NA,NA,NA,NA,NA,NA,NA,NA,NA,NA,NA,NA,NA
GRME03,215,NA,NA,8/14/2020,2020,VS,1,Carex stricta,,1,1,1,1,,0,27%,,,,,,,,,NA,NA,NA,NA,NA,NA,NA,NA,NA,NA,NA,NA,NA,NA,NA
GRME03,215,NA,NA,8/14/2020,2020,VS,1,Ilex verticillata,,1,1,0,1,,0,NA,,,,,,,,,NA,NA,NA,NA,NA,NA,NA,NA,NA,NA,NA,NA,NA,NA,NA
GRME03,215,NA,NA,8/14/2020,2020,VS,1,Acer rubrum,,1,1,1,1,,0,57%,,,,,,,,,NA,NA,NA,NA,NA,NA,NA,NA,NA,NA,NA,NA,NA,NA,NA
GRME03,215,NA,NA,8/14/2020,2020,VS,1,Viburnum nudum,,1,0,0,0,,0,NA,,,,,,,,,NA,NA,NA,NA,NA,NA,NA,NA,NA,NA,NA,NA,NA,NA,NA
GRME03,215,NA,NA,8/14/2020,2020,VS,1,Iris versicolor,,1,0,0,0,,0,NA,,,,,,,,,NA,NA,NA,NA,NA,NA,NA,NA,NA,NA,NA,NA,NA,NA,NA
GRME03,215,NA,NA,8/14/2020,2020,VS,1,Pinus strobus,,1,1,1,1,,0,NA,,,,,,,,,NA,NA,NA,NA,NA,NA,NA,NA,NA,NA,NA,NA,NA,NA,NA
GRME03,215,NA,NA,8/14/2020,2020,VS,1,Dryopteris campyloptera,,1,1,1,0,,0,NA,,,,,,,,,NA,NA,NA,NA,NA,NA,NA,NA,NA,NA,NA,NA,NA,NA,NA
GRME03,215,NA,NA,8/14/2020,2020,VS,1,Osmunda regalis,,1,1,1,1,,0,NA,,,,,,,,,NA,NA,NA,NA,NA,NA,NA,NA,NA,NA,NA,NA,NA,NA,NA
GRME03,215,NA,NA,8/14/2020,2020,VS,1,Bryophytes,,1,1,1,1,,0,NA,,,,,,,,,NA,NA,NA,NA,NA,NA,NA,NA,NA,NA,NA,NA,NA,NA,NA
GRME03,215,NA,NA,8/14/2020,2020,VS,1,Maianthemum canadense,,1,1,0,0,,0,NA,,,,,,,,,NA,NA,NA,NA,NA,NA,NA,NA,NA,NA,NA,NA,NA,NA,NA
GRME03,215,NA,NA,8/14/2020,2020,VS,1,Oclemena acuminata,,1,0,0,0,,0,NA,,,,,,,,,NA,NA,NA,NA,NA,NA,NA,NA,NA,NA,NA,NA,NA,NA,NA
GRME03,215,NA,NA,8/14/2020,2020,VS,1,Betula papyrifera,,1,1,1,1,,0,17%,,,,,,,,,NA,NA,NA,NA,NA,NA,NA,NA,NA,NA,NA,NA,NA,NA,NA
GRME03,215,NA,NA,8/14/2020,2020,VS,1,Dryopteris intermedia,,1,0,0,0,,0,NA,,,,,,,,,NA,NA,NA,NA,NA,NA,NA,NA,NA,NA,NA,NA,NA,NA,NA
GRME03,215,NA,NA,8/14/2020,2020,VS,1,Dryopteris cristata,,1,0,1,1,,0,NA,,,,,,,,,NA,NA,NA,NA,NA,NA,NA,NA,NA,NA,NA,NA,NA,NA,NA
GRME03,215,NA,NA,8/14/2020,2020,VS,1,Calamagrostis canadensis,,1,1,0,1,,0,NA,,,,,,,,,NA,NA,NA,NA,NA,NA,NA,NA,NA,NA,NA,NA,NA,NA,NA
GRME03,215,NA,NA,8/14/2020,2020,VS,1,Abies balsamea,,1,0,1,0,,0,NA,,,,,,,,,NA,NA,NA,NA,NA,NA,NA,NA,NA,NA,NA,NA,NA,NA,NA
GRME03,215,NA,NA,8/14/2020,2020,VS,1,Phegopteris connectilis,,1,0,0,0,,0,NA,,,,,,,,,NA,NA,NA,NA,NA,NA,NA,NA,NA,NA,NA,NA,NA,NA,NA
GRME03,215,NA,NA,8/14/2020,2020,VS,1,Thelypteris noveboracensis,,1,1,0,0,,0,NA,,,,,,,,,NA,NA,NA,NA,NA,NA,NA,NA,NA,NA,NA,NA,NA,NA,NA
GRME03,215,NA,NA,8/14/2020,2020,VS,1,Lysimachia terrestris,,1,1,0,0,,0,NA,,,,,,,,,NA,NA,NA,NA,NA,NA,NA,NA,NA,NA,NA,NA,NA,NA,NA
GRME03,215,NA,NA,8/14/2020,2020,VS,1,Carex brunnescens,,0,1,0,0,,0,NA,,,,,,,,,NA,NA,NA,NA,NA,NA,NA,NA,NA,NA,NA,NA,NA,NA,NA
GRME03,215,NA,NA,8/14/2020,2020,VS,1,Carex debilis,,0,1,0,0,,0,NA,,,,,,,,,NA,NA,NA,NA,NA,NA,NA,NA,NA,NA,NA,NA,NA,NA,NA
GRME03,215,NA,NA,8/14/2020,2020,VS,1,Doellingeria umbellata,,0,1,0,0,,0,NA,,,,,,,,,NA,NA,NA,NA,NA,NA,NA,NA,NA,NA,NA,NA,NA,NA,NA
GRME03,215,NA,NA,8/14/2020,2020,VS,1,Acer pensylvanicum,,0,1,1,1,,0,NA,,,,,,,,,NA,NA,NA,NA,NA,NA,NA,NA,NA,NA,NA,NA,NA,NA,NA
GRME03,215,NA,NA,8/14/2020,2020,VS,1,Carex novae-angliae,,0,1,0,0,,0,NA,,,,,,,,,NA,NA,NA,NA,NA,NA,NA,NA,NA,NA,NA,NA,NA,NA,NA
GRME03,215,NA,NA,8/14/2020,2020,VS,1,Rubus hispidus,,0,1,0,0,,0,NA,,,,,,,,,NA,NA,NA,NA,NA,NA,NA,NA,NA,NA,NA,NA,NA,NA,NA
GRME03,215,NA,NA,8/14/2020,2020,VS,1,Quercus rubra,,0,0,1,1,,0,NA,,,,,,,,,NA,NA,NA,NA,NA,NA,NA,NA,NA,NA,NA,NA,NA,NA,NA
GRME03,215,NA,NA,8/14/2020,2020,VS,1,Thuja occidentalis,,0,0,1,1,,0,NA,,,,,,,,,NA,NA,NA,NA,NA,NA,NA,NA,NA,NA,NA,NA,NA,NA,NA
GRME03,215,NA,NA,8/14/2020,2020,VS,1,Tsuga canadensis,,1,0,1,1,,0,NA,,,,,,,,,NA,NA,NA,NA,NA,NA,NA,NA,NA,NA,NA,NA,NA,NA,NA
GRME03,215,NA,NA,8/14/2020,2020,VS,1,Ilex mucronata,,1,1,1,1,,0,NA,,,,,,,,,NA,NA,NA,NA,NA,NA,NA,NA,NA,NA,NA,NA,NA,NA,NA
GRME03,215,NA,NA,8/14/2020,2020,VS,1,Picea rubens,,1,0,0,1,,0,NA,,,,,,,,,NA,NA,NA,NA,NA,NA,NA,NA,NA,NA,NA,NA,NA,NA,NA
GRME03,215,NA,NA,8/14/2020,2020,VS,1,Osmundastrum cinnamomea,,1,1,1,1,,0,21%,,,,,,,,,NA,NA,NA,NA,NA,NA,NA,NA,NA,NA,NA,NA,NA,NA,NA
GRME02,223,NA,NA,8/12/2020,2020,VS,1,Osmundastrum cinnamomea,,1,0,0,1,,0,NA,,,,,,,,,NA,NA,NA,NA,NA,NA,NA,NA,NA,NA,NA,NA,NA,NA,NA
GRME02,223,NA,NA,8/12/2020,2020,VS,1,Typha latifolia,,1,1,1,1,,0,NA,,,,,,,,,NA,NA,NA,NA,NA,NA,NA,NA,NA,NA,NA,NA,NA,NA,NA
GRME02,223,NA,NA,8/12/2020,2020,VS,1,Alnus incana ssp. Rugosa,,1,1,1,1,,0,NA,,,,,,,,,NA,NA,NA,NA,NA,NA,NA,NA,NA,NA,NA,NA,NA,NA,NA
GRME02,223,NA,NA,8/12/2020,2020,VS,1,Calamagrostis canadensis,,1,1,1,1,,0,NA,,,,,,,,,NA,NA,NA,NA,NA,NA,NA,NA,NA,NA,NA,NA,NA,NA,NA
GRME02,223,NA,NA,8/12/2020,2020,VS,1,Lycopus uniflorus,,1,0,0,1,,0,NA,,,,,,,,,NA,NA,NA,NA,NA,NA,NA,NA,NA,NA,NA,NA,NA,NA,NA
GRME02,223,NA,NA,8/12/2020,2020,VS,1,Rhamnus alnifolia,,1,0,1,1,,0,NA,,,,,,,,,NA,NA,NA,NA,NA,NA,NA,NA,NA,NA,NA,NA,NA,NA,NA
GRME02,223,NA,NA,8/12/2020,2020,VS,1,Chamaedaphne calyculata,,1,1,1,1,,0,NA,,,,,,,,,NA,NA,NA,NA,NA,NA,NA,NA,NA,NA,NA,NA,NA,NA,NA
GRME02,223,NA,NA,8/12/2020,2020,VS,1,Carex lasiocarpa,,1,0,0,1,,0,NA,,,,,,,,,NA,NA,NA,NA,NA,NA,NA,NA,NA,NA,NA,NA,NA,NA,NA
GRME02,223,NA,NA,8/12/2020,2020,VS,1,Myrica gale,,1,1,1,1,,0,NA,,,,,,,,,NA,NA,NA,NA,NA,NA,NA,NA,NA,NA,NA,NA,NA,NA,NA
GRME02,223,NA,NA,8/12/2020,2020,VS,1,Lysimachia terrestris,,1,1,1,1,,0,NA,,,,,,,,,NA,NA,NA,NA,NA,NA,NA,NA,NA,NA,NA,NA,NA,NA,NA
GRME02,223,NA,NA,8/12/2020,2020,VS,1,Spiraea alba,,1,1,1,1,,0,NA,,,,,,,,,NA,NA,NA,NA,NA,NA,NA,NA,NA,NA,NA,NA,NA,NA,NA
GRME02,223,NA,NA,8/12/2020,2020,VS,1,Carex utriculata,,1,1,1,1,,1,sprig,,,,,,,,,NA,NA,NA,NA,NA,NA,NA,NA,NA,NA,NA,NA,NA,NA,NA
GRME02,223,NA,NA,8/12/2020,2020,VS,1,Betula populifolia,,1,1,1,1,,0,NA,,,,,,,,,NA,NA,NA,NA,NA,NA,NA,NA,NA,NA,NA,NA,NA,NA,NA
GRME02,223,NA,NA,8/12/2020,2020,VS,1,Acer rubrum,,1,0,1,1,,0,NA,,,,,,,,,NA,NA,NA,NA,NA,NA,NA,NA,NA,NA,NA,NA,NA,NA,NA
GRME02,223,NA,NA,8/12/2020,2020,VS,1,Iris versicolor,,1,0,0,0,,0,NA,,,,,,,,,NA,NA,NA,NA,NA,NA,NA,NA,NA,NA,NA,NA,NA,NA,NA
GRME02,223,NA,NA,8/12/2020,2020,VS,1,Osmunda regalis,,1,0,0,1,,0,NA,,,,,,,,,NA,NA,NA,NA,NA,NA,NA,NA,NA,NA,NA,NA,NA,NA,NA
GRME01,218,NA,NA,8/14/2020,2020,VS,1,Osmundastrum cinnamomea,,1,0,1,1,,0,NA,,,,,,,,,NA,NA,NA,NA,NA,NA,NA,NA,NA,NA,NA,NA,NA,NA,NA
GRME02,223,NA,NA,8/12/2020,2020,VS,1,Salix bebbiana,,1,0,0,1,,0,NA,,,,,,,,,NA,NA,NA,NA,NA,NA,NA,NA,NA,NA,NA,NA,NA,NA,NA
GRME02,223,NA,NA,8/12/2020,2020,VS,1,Salix petiolaris,,1,1,1,1,,0,NA,,,,,,,,,NA,NA,NA,NA,NA,NA,NA,NA,NA,NA,NA,NA,NA,NA,NA
GRME02,223,NA,NA,8/12/2020,2020,VS,1,Thelypteris palustris,,1,0,0,1,,0,NA,,,,,,,,,NA,NA,NA,NA,NA,NA,NA,NA,NA,NA,NA,NA,NA,NA,NA
GRME02,223,NA,NA,8/12/2020,2020,VS,1,Vaccinium corymbosum,,1,0,0,0,,0,NA,,,,,,,,,NA,NA,NA,NA,NA,NA,NA,NA,NA,NA,NA,NA,NA,NA,NA
GRME02,223,NA,NA,8/12/2020,2020,VS,1,Dulichium,,1,1,1,0,,0,NA,,,,,,,,,NA,NA,NA,NA,NA,NA,NA,NA,NA,NA,NA,NA,NA,NA,NA
GRME02,223,NA,NA,8/12/2020,2020,VS,1,Scirpus atrocinctus,,1,1,1,0,,0,NA,,,,,,,,,NA,NA,NA,NA,NA,NA,NA,NA,NA,NA,NA,NA,NA,NA,NA
GRME02,223,NA,NA,8/12/2020,2020,VS,1,Onoclea sensibilis,,0,1,1,1,,0,NA,,,,,,,,,NA,NA,NA,NA,NA,NA,NA,NA,NA,NA,NA,NA,NA,NA,NA
GRME02,223,NA,NA,8/12/2020,2020,VS,1,Triadenum fraseri,,0,1,1,0,,0,NA,,,,,,,,,NA,NA,NA,NA,NA,NA,NA,NA,NA,NA,NA,NA,NA,NA,NA
GRME02,223,NA,NA,8/12/2020,2020,VS,1,Vaccinium macrocarpon,,0,1,1,0,,0,NA,,,,,,,,,NA,NA,NA,NA,NA,NA,NA,NA,NA,NA,NA,NA,NA,NA,NA
GRME02,223,NA,NA,8/12/2020,2020,VS,1,Spiraea tomentosa,,0,1,0,0,,0,NA,,,,,,,,,NA,NA,NA,NA,NA,NA,NA,NA,NA,NA,NA,NA,NA,NA,NA
GRME02,223,NA,NA,8/12/2020,2020,VS,1,Bryophytes,,0,0,1,1,,0,NA,,,,,,,,,NA,NA,NA,NA,NA,NA,NA,NA,NA,NA,NA,NA,NA,NA,NA
GRME02,223,NA,NA,8/12/2020,2020,VS,1,Thalictrum,,0,0,1,0,,0,NA,,,,,,,,,NA,NA,NA,NA,NA,NA,NA,NA,NA,NA,NA,NA,NA,NA,NA
GRME10,220,NA,NA,8/12/2020,2020,VS,1,Utricularia vulgaris,,1,1,1,1,,0,NA,,,,,,,,,NA,NA,NA,NA,NA,NA,NA,NA,NA,NA,NA,NA,NA,NA,NA
GRME08,214,NA,NA,8/12/2020,2020,VS,1,Utricularia vulgaris,,0,1,1,1,,0,NA,,,,,,,,,NA,NA,NA,NA,NA,NA,NA,NA,NA,NA,NA,NA,NA,NA,NA
GRME01,218,NA,NA,8/14/2020,2020,VS,1,Acer rubrum,,1,1,1,1,,0,NA,,,,,,,,,NA,NA,NA,NA,NA,NA,NA,NA,NA,NA,NA,NA,NA,NA,NA
GRME01,218,NA,NA,8/14/2020,2020,VS,1,Calamagrostis canadensis,,1,1,1,1,,0,27%,,,,,,,,,NA,NA,NA,NA,NA,NA,NA,NA,NA,NA,NA,NA,NA,NA,NA
GRME01,218,NA,NA,8/14/2020,2020,VS,1,Myrica gale,,1,1,1,1,,0,12%,,,,,,,,,NA,NA,NA,NA,NA,NA,NA,NA,NA,NA,NA,NA,NA,NA,NA
GRME01,218,NA,NA,8/14/2020,2020,VS,1,Ilex verticillata,,1,0,1,1,,0,NA,,,,,,,,,NA,NA,NA,NA,NA,NA,NA,NA,NA,NA,NA,NA,NA,NA,NA
GRME01,218,NA,NA,8/14/2020,2020,VS,1,Alnus incana ssp. Rugosa,,1,1,1,0,,0,NA,,,,,,,,,NA,NA,NA,NA,NA,NA,NA,NA,NA,NA,NA,NA,NA,NA,NA
GRME01,218,NA,NA,8/14/2020,2020,VS,1,Bryophytes,,1,1,1,1,,0,NA,,,,,,,,,NA,NA,NA,NA,NA,NA,NA,NA,NA,NA,NA,NA,NA,NA,NA
GRME01,218,NA,NA,8/14/2020,2020,VS,1,Kalmia angustifolia,,1,0,0,1,,0,NA,,,,,,,,,NA,NA,NA,NA,NA,NA,NA,NA,NA,NA,NA,NA,NA,NA,NA
GRME01,218,NA,NA,8/14/2020,2020,VS,1,Rhododendron canadense,,1,0,1,1,,0,NA,,,,,,,,,NA,NA,NA,NA,NA,NA,NA,NA,NA,NA,NA,NA,NA,NA,NA
GRME01,218,NA,NA,8/14/2020,2020,VS,1,Betula populifolia,,1,0,1,1,,0,10%,,,,,,,,,NA,NA,NA,NA,NA,NA,NA,NA,NA,NA,NA,NA,NA,NA,NA
GRME01,218,NA,NA,8/14/2020,2020,VS,1,Spiraea alba,,1,1,1,1,,0,NA,,,,,,,,,NA,NA,NA,NA,NA,NA,NA,NA,NA,NA,NA,NA,NA,NA,NA
GRME01,218,NA,NA,8/14/2020,2020,VS,1,Lysimachia terrestris,,1,0,0,0,,0,NA,,,,,,,,,NA,NA,NA,NA,NA,NA,NA,NA,NA,NA,NA,NA,NA,NA,NA
GRME01,218,NA,NA,8/14/2020,2020,VS,1,Triadenum fraseri,,1,1,0,0,,0,NA,,,,,,,,,NA,NA,NA,NA,NA,NA,NA,NA,NA,NA,NA,NA,NA,NA,NA
GRME01,218,NA,NA,8/14/2020,2020,VS,1,Glyceria canadensis,,1,0,0,0,,0,NA,,,,,,,,,NA,NA,NA,NA,NA,NA,NA,NA,NA,NA,NA,NA,NA,NA,NA
GRME01,218,NA,NA,8/14/2020,2020,VS,1,Glyceria borealis,,1,1,0,0,,0,NA,,,,,,,,,NA,NA,NA,NA,NA,NA,NA,NA,NA,NA,NA,NA,NA,NA,NA
GRME01,218,NA,NA,8/14/2020,2020,VS,1,Thelypteris palustris,,1,0,1,0,,0,NA,,,,,,,,,NA,NA,NA,NA,NA,NA,NA,NA,NA,NA,NA,NA,NA,NA,NA
GRME01,218,NA,NA,8/14/2020,2020,VS,1,Rhamnus alnifolia,,1,0,1,1,,0,NA,,,,,,,,,NA,NA,NA,NA,NA,NA,NA,NA,NA,NA,NA,NA,NA,NA,NA
GRME01,218,NA,NA,8/14/2020,2020,VS,1,Osmunda regalis,,1,1,1,0,,0,NA,,,,,,,,,NA,NA,NA,NA,NA,NA,NA,NA,NA,NA,NA,NA,NA,NA,NA
GRME01,218,NA,NA,8/14/2020,2020,VS,1,Dulichium,,0,1,0,0,,0,NA,,,,,,,,,NA,NA,NA,NA,NA,NA,NA,NA,NA,NA,NA,NA,NA,NA,NA
GRME01,218,NA,NA,8/14/2020,2020,VS,1,Vaccinium corymbosum,,0,0,1,0,,0,NA,,,,,,,,,NA,NA,NA,NA,NA,NA,NA,NA,NA,NA,NA,NA,NA,NA,NA
GRME01,218,NA,NA,8/14/2020,2020,VS,1,Aronia melanocarpa,,0,0,1,0,,0,NA,,,,,,,,,NA,NA,NA,NA,NA,NA,NA,NA,NA,NA,NA,NA,NA,NA,NA
GRME01,218,NA,NA,8/14/2020,2020,VS,1,Carex lacustris,,0,0,0,1,,0,NA,,,,,,,,,NA,NA,NA,NA,NA,NA,NA,NA,NA,NA,NA,NA,NA,NA,NA
GRME10,220,NA,NA,7/25/2023,2023,VS,1,Calamagrostis canadensis,,1,1,1,1,NA,NA,NA,,,,,,,,,,,,,,,,,,,,,,,
GRME10,220,NA,NA,7/25/2023,2023,VS,1,Carex lacustris,,1,1,1,1,NA,NA,NA,,,,,,,,,,,,,,,,,,,,,,,
GRME10,220,NA,NA,7/25/2023,2023,VS,1,Carex lasiocarpa,,1,1,1,1,NA,NA,NA,,,,,,,,,,,,,,,,,,,,,,,
GRME10,220,NA,NA,7/25/2023,2023,VS,1,Carex stricta,,1,1,1,1,NA,NA,NA,,,,,,,,,,,,,,,,,,,,,,,
GRME10,220,NA,NA,7/25/2023,2023,VS,1,Carex utriculata,,1,1,1,1,NA,NA,NA,,,,,,,,,,,,,,,,,,,,,,,
GRME10,220,NA,NA,7/25/2023,2023,VS,1,Lysimachia terrestris,,1,0,0,0,NA,NA,NA,,,,,,,,,,,,,,,,,,,,,,,
GRME10,220,NA,NA,7/25/2023,2023,VS,1,Myrica gale,,1,1,1,1,NA,NA,NA,,,,,,,,,,,,,,,,,,,,,,,
GRME10,220,NA,NA,7/25/2023,2023,VS,1,Scirpus cyperinus,,1,0,0,0,NA,NA,NA,,,,,,,,,,,,,,,,,,,,,,,
GRME10,220,NA,NA,7/25/2023,2023,VS,1,Typha latifolia,,0,0,0,1,NA,NA,NA,,,,,,,,,,,,,,,,,,,,,,,
GRME03,215,NA,NA,7/27/2023,2023,VS,1,Betula alleghaniensis,,1,1,1,1,NA,NA,NA,,,,,,,,,,,,,,,,,,,,,,,
GRME09,216,NA,NA,7/27/2023,2023,VS,1,Acer rubrum,,1,1,1,1,NA,NA,NA,,,,,,,,,,,,,,,,,,,,,,,
GRME09,216,NA,NA,7/27/2023,2023,VS,1,Betula papyrifera,,1,1,1,1,NA,NA,NA,,,,,,,,,,,,,,,,,,,,,,,
GRME09,216,NA,NA,7/27/2023,2023,VS,1,Betula populifolia,,1,1,1,1,NA,NA,NA,,,,,,,,,,,,,,,,,,,,,,,
GRME09,216,NA,NA,7/27/2023,2023,VS,1,Calamagrostis canadensis,,0,1,1,1,NA,NA,NA,,,,,,,,,,,,,,,,,,,,,,,
GRME09,216,NA,NA,7/27/2023,2023,VS,1,Carex atlantica,,0,1,0,0,NA,NA,NA,,,,,,,,,,,,,,,,,,,,,,,
GRME09,216,NA,NA,7/27/2023,2023,VS,1,Carex brunnescens,,0,1,1,1,NA,NA,NA,,,,,,,,,,,,,,,,,,,,,,,
GRME09,216,NA,NA,7/27/2023,2023,VS,1,Carex canescens,,0,1,1,1,NA,NA,NA,,,,,,,,,,,,,,,,,,,,,,,
GRME09,216,NA,NA,7/27/2023,2023,VS,1,Carex debilis,,1,0,1,0,NA,NA,NA,,,,,,,,,,,,,,,,,,,,,,,
GRME09,216,NA,NA,7/27/2023,2023,VS,1,Carex folliculata,,0,1,1,1,NA,NA,NA,,,,,,,,,,,,,,,,,,,,,,,
GRME09,216,NA,NA,7/27/2023,2023,VS,1,Carex stricta,,1,1,1,1,NA,NA,NA,,,,,,,,,,,,,,,,,,,,,,,
GRME09,216,NA,NA,7/27/2023,2023,VS,1,Carex trisperma,,0,1,0,0,NA,NA,NA,,,,,,,,,,,,,,,,,,,,,,,
GRME09,216,NA,NA,7/27/2023,2023,VS,1,Chamaedaphne calyculata,,1,0,0,0,NA,NA,NA,,,,,,,,,,,,,,,,,,,,,,,
GRME09,216,NA,NA,7/27/2023,2023,VS,1,Doellingeria umbellata,,0,1,1,1,NA,NA,NA,,,,,,,,,,,,,,,,,,,,,,,
GRME09,216,NA,NA,7/27/2023,2023,VS,1,Frangula alnus,,0,1,0,1,NA,NA,NA,,,,,,,,,,,,,,,,,,,,,,,
GRME09,216,NA,NA,7/27/2023,2023,VS,1,Ilex verticillata,,1,0,1,1,NA,NA,NA,,,,,,,,,,,,,,,,,,,,,,,
GRME09,216,NA,NA,7/27/2023,2023,VS,1,Kalmia angustifolia,,1,1,1,1,NA,NA,NA,,,,,,,,,,,,,,,,,,,,,,,
GRME09,216,NA,NA,7/27/2023,2023,VS,1,Lysimachia borealis,,1,0,0,1,NA,NA,NA,,,,,,,,,,,,,,,,,,,,,,,
GRME09,216,NA,NA,7/27/2023,2023,VS,1,Pinus strobus,,1,1,1,0,NA,NA,NA,,,,,,,,,,,,,,,,,,,,,,,
GRME09,216,NA,NA,7/27/2023,2023,VS,1,Quercus rubra,,1,0,0,1,NA,NA,NA,,,,,,,,,,,,,,,,,,,,,,,
GRME09,216,NA,NA,7/27/2023,2023,VS,1,Rhododendron canadense,,1,0,0,0,NA,NA,NA,,,,,,,,,,,,,,,,,,,,,,,
GRME09,216,NA,NA,7/27/2023,2023,VS,1,Rubus hispidus,,0,0,1,1,NA,NA,NA,,,,,,,,,,,,,,,,,,,,,,,
GRME09,216,NA,NA,7/27/2023,2023,VS,1,Rubus pubescens,,0,1,1,1,NA,NA,NA,,,,,,,,,,,,,,,,,,,,,,,
GRME09,216,NA,NA,7/27/2023,2023,VS,1,Salix petiolaris,,0,1,1,0,NA,NA,NA,,,,,,,,,,,,,,,,,,,,,,,
GRME09,216,NA,NA,7/27/2023,2023,VS,1,Scirpus cyperinus,,0,0,1,1,NA,NA,NA,,,,,,,,,,,,,,,,,,,,,,,
GRME09,216,NA,NA,7/27/2023,2023,VS,1,Spiraea alba,,0,0,1,0,NA,NA,NA,,,,,,,,,,,,,,,,,,,,,,,
GRME09,216,NA,NA,7/27/2023,2023,VS,1,Vaccinium angustifolium,,1,0,1,0,NA,NA,NA,,,,,,,,,,,,,,,,,,,,,,,
GRME09,216,NA,NA,7/27/2023,2023,VS,1,Vaccinium corymbosum,,1,1,1,1,NA,NA,NA,,,,,,,,,,,,,,,,,,,,,,,
GRME09,216,NA,NA,7/27/2023,2023,VS,1,Bryophytes,,1,1,1,1,NA,NA,NA,,,,,,,,,,,,,,,,,,,,,,,
GRME09,216,NA,NA,7/27/2023,2023,VS,1,Larix laricina,,1,1,1,1,NA,NA,NA,,,,,,,,,,,,,,,,,,,,,,,
GRME08,214,NA,NA,7/25/2023,2023,VS,1,Acer rubrum,,1,1,0,0,NA,NA,NA,,,,,,,,,,,,,,,,,,,,,,,
GRME08,214,NA,NA,7/25/2023,2023,VS,1,Alnus incana ssp. rugosa,,1,1,0,1,NA,NA,NA,,,,,,,,,,,,,,,,,,,,,,,
GRME08,214,NA,NA,7/25/2023,2023,VS,1,Betula populifolia,,1,1,0,0,NA,NA,NA,,,,,,,,,,,,,,,,,,,,,,,
GRME08,214,NA,NA,7/25/2023,2023,VS,1,Calamagrostis canadensis,,1,1,1,1,NA,NA,NA,,,,,,,,,,,,,,,,,,,,,,,
GRME08,214,NA,NA,7/25/2023,2023,VS,1,Carex lacustris,,1,1,1,1,NA,NA,NA,,,,,,,,,,,,,,,,,,,,,,,
GRME08,214,NA,NA,7/25/2023,2023,VS,1,Carex lasiocarpa,,1,0,1,1,NA,NA,NA,,,,,,,,,,,,,,,,,,,,,,,
GRME08,214,NA,NA,7/25/2023,2023,VS,1,Carex stricta,,0,1,0,0,NA,NA,NA,,,,,,,,,,,,,,,,,,,,,,,
GRME08,214,NA,NA,7/25/2023,2023,VS,1,Carex utriculata,,1,1,1,1,NA,NA,NA,,,,,,,,,,,,,,,,,,,,,,,
GRME08,214,NA,NA,7/25/2023,2023,VS,1,Carex vesicaria,,1,1,0,0,NA,NA,NA,,,,,,,,,,,,,,,,,,,,,,,
GRME08,214,NA,NA,7/25/2023,2023,VS,1,Ilex mucronata,,1,0,0,0,NA,NA,NA,,,,,,,,,,,,,,,,,,,,,,,
GRME08,214,NA,NA,7/25/2023,2023,VS,1,Ilex verticillata,,1,1,0,0,NA,NA,NA,,,,,,,,,,,,,,,,,,,,,,,
GRME08,214,NA,NA,7/25/2023,2023,VS,1,Lysimachia terrestris,,1,1,0,1,NA,NA,NA,,,,,,,,,,,,,,,,,,,,,,,
GRME08,214,NA,NA,7/25/2023,2023,VS,1,Maianthemum canadense,,0,1,0,0,NA,NA,NA,,,,,,,,,,,,,,,,,,,,,,,
GRME08,214,NA,NA,7/25/2023,2023,VS,1,Myrica gale,,1,1,1,1,NA,NA,NA,,,,,,,,,,,,,,,,,,,,,,,
GRME08,214,NA,NA,7/25/2023,2023,VS,1,Onoclea sensibilis,,1,0,0,0,NA,NA,NA,,,,,,,,,,,,,,,,,,,,,,,
GRME08,214,NA,NA,7/25/2023,2023,VS,1,Pinus strobus,,1,0,0,0,NA,NA,NA,,,,,,,,,,,,,,,,,,,,,,,
GRME08,214,NA,NA,7/25/2023,2023,VS,1,Populus tremuloides,,0,1,0,0,NA,NA,NA,,,,,,,,,,,,,,,,,,,,,,,
GRME08,214,NA,NA,7/25/2023,2023,VS,1,Potamogeton berchtoldii,,0,0,1,1,NA,NA,NA,,,,,,,,,,,,,,,,,,,,,,,
GRME08,214,NA,NA,7/25/2023,2023,VS,1,Quercus rubra,,0,1,0,0,NA,NA,NA,,,,,,,,,,,,,,,,,,,,,,,
GRME08,214,NA,NA,7/25/2023,2023,VS,1,Salix bebbiana,,1,0,0,0,NA,NA,NA,,,,,,,,,,,,,,,,,,,,,,,
GRME08,214,NA,NA,7/25/2023,2023,VS,1,Salix petiolaris,,1,1,1,1,NA,NA,NA,,,,,,,,,,,,,,,,,,,,,,,
GRME08,214,NA,NA,7/25/2023,2023,VS,1,Scirpus cyperinus,,0,0,1,0,NA,NA,NA,,,,,,,,,,,,,,,,,,,,,,,
GRME08,214,NA,NA,7/25/2023,2023,VS,1,Spiraea alba,,1,1,0,1,NA,NA,NA,,,,,,,,,,,,,,,,,,,,,,,
GRME08,214,NA,NA,7/25/2023,2023,VS,1,Thelypteris palustris,,1,0,0,0,NA,NA,NA,,,,,,,,,,,,,,,,,,,,,,,
GRME08,214,NA,NA,7/25/2023,2023,VS,1,Vaccinium angustifolium,,1,0,0,0,NA,NA,NA,,,,,,,,,,,,,,,,,,,,,,,
GRME06,221,NA,NA,7/27/2023,2023,VS,1,Larix laricina,,1,0,1,0,NA,NA,NA,,,,,,,,,,,,,,,,,,,,,,,
GRME07,217,NA,NA,7/27/2023,2023,VS,1,Acer rubrum,,1,1,1,1,NA,NA,NA,,,,,,,,,,,,,,,,,,,,,,,
GRME07,217,NA,NA,7/27/2023,2023,VS,1,Alnus incana ssp. rugosa,,1,1,1,1,NA,NA,NA,,,,,,,,,,,,,,,,,,,,,,,
GRME07,217,NA,NA,7/27/2023,2023,VS,1,Betula populifolia,,1,1,1,1,NA,NA,NA,,,,,,,,,,,,,,,,,,,,,,,
GRME07,217,NA,NA,7/27/2023,2023,VS,1,Calamagrostis canadensis,,1,1,1,1,NA,NA,NA,,,,,,,,,,,,,,,,,,,,,,,
GRME07,217,NA,NA,7/27/2023,2023,VS,1,Carex lacustris,,0,1,0,0,NA,NA,NA,,,,,,,,,,,,,,,,,,,,,,,
GRME07,217,NA,NA,7/27/2023,2023,VS,1,Carex stricta,,1,1,1,1,NA,NA,NA,,,,,,,,,,,,,,,,,,,,,,,
GRME07,217,NA,NA,7/27/2023,2023,VS,1,Dulichium arundinaceum,,0,1,0,0,NA,NA,NA,,,,,,,,,,,,,,,,,,,,,,,
GRME07,217,NA,NA,7/27/2023,2023,VS,1,Frangula alnus,,0,0,1,1,NA,NA,NA,,,,,,,,,,,,,,,,,,,,,,,
GRME07,217,NA,NA,7/27/2023,2023,VS,1,Glyceria canadensis,,1,1,0,0,NA,NA,NA,,,,,,,,,,,,,,,,,,,,,,,
GRME07,217,NA,NA,7/27/2023,2023,VS,1,Ilex verticillata,,1,1,1,1,NA,NA,NA,,,,,,,,,,,,,,,,,,,,,,,
GRME07,217,NA,NA,7/27/2023,2023,VS,1,Lysimachia terrestris,,0,1,0,0,NA,NA,NA,,,,,,,,,,,,,,,,,,,,,,,
GRME07,217,NA,NA,7/27/2023,2023,VS,1,Myrica gale,,1,1,1,1,NA,NA,NA,,,,,,,,,,,,,,,,,,,,,,,
GRME07,217,NA,NA,7/27/2023,2023,VS,1,Osmunda regalis,,1,1,1,1,NA,NA,NA,,,,,,,,,,,,,,,,,,,,,,,
GRME04,222,NA,NA,7/27/2023,2023,VS,1,Larix laricina,,0,0,1,0,NA,NA,NA,,,,,,,,,,,,,,,,,,,,,,,
GRME07,217,NA,NA,7/27/2023,2023,VS,1,Pinus strobus,,0,0,1,0,NA,NA,NA,,,,,,,,,,,,,,,,,,,,,,,
GRME07,217,NA,NA,7/27/2023,2023,VS,1,Rubus pubescens,,0,0,1,0,NA,NA,NA,,,,,,,,,,,,,,,,,,,,,,,
GRME07,217,NA,NA,7/27/2023,2023,VS,1,Spiraea alba,,1,0,1,1,NA,NA,NA,,,,,,,,,,,,,,,,,,,,,,,
GRME07,217,NA,NA,7/27/2023,2023,VS,1,Thelypteris palustris,,0,1,1,0,NA,NA,NA,,,,,,,,,,,,,,,,,,,,,,,
GRME07,217,NA,NA,7/27/2023,2023,VS,1,Viburnum dentatum,,0,1,0,0,NA,NA,NA,,,,,,,,,,,,,,,,,,,,,,,
GRME07,217,NA,NA,7/27/2023,2023,VS,1,Bryophytes,,1,1,1,1,NA,NA,NA,,,,,,,,,,,,,,,,,,,,,,,
GRME06,221,NA,NA,7/27/2023,2023,VS,1,Acer rubrum,,1,1,1,1,NA,NA,NA,,,,,,,,,,,,,,,,,,,,,,,
GRME06,221,NA,NA,7/27/2023,2023,VS,1,Betula papyrifera,,0,0,0,1,NA,NA,NA,,,,,,,,,,,,,,,,,,,,,,,
GRME06,221,NA,NA,7/27/2023,2023,VS,1,Betula populifolia,,1,1,1,1,NA,NA,NA,,,,,,,,,,,,,,,,,,,,,,,
GRME06,221,NA,NA,7/27/2023,2023,VS,1,Calamagrostis canadensis,,1,1,1,1,NA,NA,NA,,,,,,,,,,,,,,,,,,,,,,,
GRME06,221,NA,NA,7/27/2023,2023,VS,1,Carex atlantica,,1,1,1,1,NA,NA,NA,,,,,,,,,,,,,,,,,,,,,,,
GRME06,221,NA,NA,7/27/2023,2023,VS,1,Carex brunnescens,,1,1,1,1,NA,NA,NA,,,,,,,,,,,,,,,,,,,,,,,
GRME06,221,NA,NA,7/27/2023,2023,VS,1,Carex canescens,,1,1,0,1,NA,NA,NA,,,,,,,,,,,,,,,,,,,,,,,
GRME06,221,NA,NA,7/27/2023,2023,VS,1,Carex debilis,,0,0,1,1,NA,NA,NA,,,,,,,,,,,,,,,,,,,,,,,
GRME06,221,NA,NA,7/27/2023,2023,VS,1,Carex echinata,,1,0,1,1,NA,NA,NA,,,,,,,,,,,,,,,,,,,,,,,
GRME06,221,NA,NA,7/27/2023,2023,VS,1,Carex folliculata,,0,0,1,1,NA,NA,NA,,,,,,,,,,,,,,,,,,,,,,,
GRME06,221,NA,NA,7/27/2023,2023,VS,1,Carex lacustris,,1,0,1,1,NA,NA,NA,,,,,,,,,,,,,,,,,,,,,,,
GRME06,221,NA,NA,7/27/2023,2023,VS,1,Carex stricta,,1,1,1,1,NA,NA,NA,,,,,,,,,,,,,,,,,,,,,,,
GRME06,221,NA,NA,7/27/2023,2023,VS,1,Carex trisperma,,0,0,1,0,NA,NA,NA,,,,,,,,,,,,,,,,,,,,,,,
GRME06,221,NA,NA,7/27/2023,2023,VS,1,Chamaedaphne calyculata,,1,1,1,1,NA,NA,NA,,,,,,,,,,,,,,,,,,,,,,,
GRME06,221,NA,NA,7/27/2023,2023,VS,1,Dulichium arundinaceum,,0,0,1,0,NA,NA,NA,,,,,,,,,,,,,,,,,,,,,,,
GRME06,221,NA,NA,7/27/2023,2023,VS,1,Eriophorum angustifolium,,1,0,1,0,NA,NA,NA,,,,,,,,,,,,,,,,,,,,,,,
GRME06,221,NA,NA,7/27/2023,2023,VS,1,Frangula alnus,,1,1,1,1,NA,NA,NA,,,,,,,,,,,,,,,,,,,,,,,
GRME06,221,NA,NA,7/27/2023,2023,VS,1,Kalmia angustifolia,,1,1,0,0,NA,NA,NA,,,,,,,,,,,,,,,,,,,,,,,
GRME06,221,NA,NA,7/27/2023,2023,VS,1,Lysimachia borealis,,0,0,1,1,NA,NA,NA,,,,,,,,,,,,,,,,,,,,,,,
GRME06,221,NA,NA,7/27/2023,2023,VS,1,Lysimachia terrestris,,1,1,1,1,NA,NA,NA,,,,,,,,,,,,,,,,,,,,,,,
GRME06,221,NA,NA,7/27/2023,2023,VS,1,Myrica gale,,0,1,0,0,NA,NA,NA,,,,,,,,,,,,,,,,,,,,,,,
GRME06,221,NA,NA,7/27/2023,2023,VS,1,Rhododendron canadense,,1,1,0,0,NA,NA,NA,,,,,,,,,,,,,,,,,,,,,,,
GRME06,221,NA,NA,7/27/2023,2023,VS,1,Rhododendron groenlandicum,,1,0,0,0,NA,NA,NA,,,,,,,,,,,,,,,,,,,,,,,
GRME06,221,NA,NA,7/27/2023,2023,VS,1,Rubus canadensis,,0,0,1,0,NA,NA,NA,,,,,,,,,,,,,,,,,,,,,,,
GRME06,221,NA,NA,7/27/2023,2023,VS,1,Scirpus cyperinus,,0,1,1,1,NA,NA,NA,,,,,,,,,,,,,,,,,,,,,,,
GRME06,221,NA,NA,7/27/2023,2023,VS,1,Thelypteris palustris,,0,0,0,1,NA,NA,NA,,,,,,,,,,,,,,,,,,,,,,,
GRME06,221,NA,NA,7/27/2023,2023,VS,1,Vaccinium corymbosum,,1,1,1,1,NA,NA,NA,,,,,,,,,,,,,,,,,,,,,,,
GRME06,221,NA,NA,7/27/2023,2023,VS,1,Bryophytes,,1,0,1,1,NA,NA,NA,,,,,,,,,,,,,,,,,,,,,,,
GRME05,219,NA,NA,7/25/2023,2023,VS,1,Alnus incana ssp. rugosa,,0,1,0,0,NA,NA,NA,,,,,,,,,,,,,,,,,,,,,,,
GRME05,219,NA,NA,7/25/2023,2023,VS,1,Calamagrostis canadensis,,1,1,1,1,NA,NA,NA,,,,,,,,,,,,,,,,,,,,,,,
GRME05,219,NA,NA,7/25/2023,2023,VS,1,Carex lacustris,,1,1,1,1,NA,NA,NA,,,,,,,,,,,,,,,,,,,,,,,
GRME05,219,NA,NA,7/25/2023,2023,VS,1,Carex lasiocarpa,,0,1,1,1,NA,NA,NA,,,,,,,,,,,,,,,,,,,,,,,
GRME05,219,NA,NA,7/25/2023,2023,VS,1,Carex utriculata,,1,1,1,1,NA,NA,NA,,,,,,,,,,,,,,,,,,,,,,,
GRME05,219,NA,NA,7/25/2023,2023,VS,1,Dulichium arundinaceum,,0,0,1,1,NA,NA,NA,,,,,,,,,,,,,,,,,,,,,,,
GRME05,219,NA,NA,7/25/2023,2023,VS,1,Glyceria borealis,,0,0,1,0,NA,NA,NA,,,,,,,,,,,,,,,,,,,,,,,
GRME05,219,NA,NA,7/25/2023,2023,VS,1,Myrica gale,,0,1,1,1,NA,NA,NA,,,,,,,,,,,,,,,,,,,,,,,
GRME05,219,NA,NA,7/25/2023,2023,VS,1,Nuphar variegata,,0,0,1,0,NA,NA,NA,,,,,,,,,,,,,,,,,,,,,,,
GRME05,219,NA,NA,7/25/2023,2023,VS,1,Potamogeton berchtoldii,,0,0,1,1,NA,NA,NA,,,,,,,,,,,,,,,,,,,,,,,
GRME05,219,NA,NA,7/25/2023,2023,VS,1,Potamogeton gramineus,,0,0,1,0,NA,NA,NA,,,,,,,,,,,,,,,,,,,,,,,
GRME05,219,NA,NA,7/25/2023,2023,VS,1,Sagittaria latifolia,,0,0,1,0,NA,NA,NA,,,,,,,,,,,,,,,,,,,,,,,
GRME05,219,NA,NA,7/25/2023,2023,VS,1,Sparganium emersum,,0,0,1,1,NA,NA,NA,,,,,,,,,,,,,,,,,,,,,,,
GRME05,219,NA,NA,7/25/2023,2023,VS,1,Spiraea alba,,0,1,1,0,NA,NA,NA,,,,,,,,,,,,,,,,,,,,,,,
GRME09,216,NA,NA,7/27/2023,2023,VS,1,Osmundastrum cinnamomea,,1,1,1,1,NA,NA,NA,,,,,,,,,,,,,,,,,,,,,,,
GRME04,222,NA,NA,7/27/2023,2023,VS,1,Acer rubrum,,1,1,1,1,NA,NA,NA,,,,,,,,,,,,,,,,,,,,,,,
GRME04,222,NA,NA,7/27/2023,2023,VS,1,Agrostis perennans,,0,0,1,1,NA,NA,NA,,,,,,,,,,,,,,,,,,,,,,,
GRME04,222,NA,NA,7/27/2023,2023,VS,1,Betula papyrifera,,1,1,1,1,NA,NA,NA,,,,,,,,,,,,,,,,,,,,,,,
GRME04,222,NA,NA,7/27/2023,2023,VS,1,Betula populifolia,,1,1,0,1,NA,NA,NA,,,,,,,,,,,,,,,,,,,,,,,
GRME04,222,NA,NA,7/27/2023,2023,VS,1,Brachyelytum aristosum,,0,0,1,0,NA,NA,NA,,,,,,,,,,,,,,,,,,,,,,,
GRME04,222,NA,NA,7/27/2023,2023,VS,1,Calamagrostis canadensis,,1,1,1,1,NA,NA,NA,,,,,,,,,,,,,,,,,,,,,,,
GRME04,222,NA,NA,7/27/2023,2023,VS,1,Carex atlantica,,0,1,0,1,NA,NA,NA,,,,,,,,,,,,,,,,,,,,,,,
GRME04,222,NA,NA,7/27/2023,2023,VS,1,Carex brunnescens,,1,1,1,1,NA,NA,NA,,,,,,,,,,,,,,,,,,,,,,,
GRME04,222,NA,NA,7/27/2023,2023,VS,1,Carex debilis,,1,1,1,1,NA,NA,NA,,,,,,,,,,,,,,,,,,,,,,,
GRME04,222,NA,NA,7/27/2023,2023,VS,1,Carex folliculata,,0,1,0,0,NA,NA,NA,,,,,,,,,,,,,,,,,,,,,,,
GRME04,222,NA,NA,7/27/2023,2023,VS,1,Carex novae-angliae,,0,1,0,0,NA,NA,NA,,,,,,,,,,,,,,,,,,,,,,,
GRME04,222,NA,NA,7/27/2023,2023,VS,1,Carex stricta,,1,1,1,1,NA,NA,NA,,,,,,,,,,,,,,,,,,,,,,,
GRME04,222,NA,NA,7/27/2023,2023,VS,1,Carex trisperma,,0,1,0,0,NA,NA,NA,,,,,,,,,,,,,,,,,,,,,,,
GRME04,222,NA,NA,7/27/2023,2023,VS,1,Doellingeria umbellata,,0,0,1,1,NA,NA,NA,,,,,,,,,,,,,,,,,,,,,,,
GRME04,222,NA,NA,7/27/2023,2023,VS,1,Dryopteris carthusiana,,0,0,1,1,NA,NA,NA,,,,,,,,,,,,,,,,,,,,,,,
GRME04,222,NA,NA,7/27/2023,2023,VS,1,Dryopteris cristata,,1,1,1,1,NA,NA,NA,,,,,,,,,,,,,,,,,,,,,,,
GRME04,222,NA,NA,7/27/2023,2023,VS,1,Frangula alnus,,0,1,1,1,NA,NA,NA,,,,,,,,,,,,,,,,,,,,,,,
GRME04,222,NA,NA,7/27/2023,2023,VS,1,Ilex verticillata,,1,0,1,1,NA,NA,NA,,,,,,,,,,,,,,,,,,,,,,,
GRME04,222,NA,NA,7/27/2023,2023,VS,1,Lycopus uniflorus,,0,0,1,0,NA,NA,NA,,,,,,,,,,,,,,,,,,,,,,,
GRME04,222,NA,NA,7/27/2023,2023,VS,1,Lysimachia borealis,,1,1,1,1,NA,NA,NA,,,,,,,,,,,,,,,,,,,,,,,
GRME04,222,NA,NA,7/27/2023,2023,VS,1,Lysimachia terrestris,,1,1,0,0,NA,NA,NA,,,,,,,,,,,,,,,,,,,,,,,
GRME04,222,NA,NA,7/27/2023,2023,VS,1,Maianthemum canadense,,1,0,1,1,NA,NA,NA,,,,,,,,,,,,,,,,,,,,,,,
GRME04,222,NA,NA,7/27/2023,2023,VS,1,Malus sieboldii,,0,0,1,0,NA,NA,NA,,,,,,,,,,,,,,,,,,,,,,,
GRME04,222,NA,NA,7/27/2023,2023,VS,1,Osmunda regalis,,0,0,1,0,NA,NA,NA,,,,,,,,,,,,,,,,,,,,,,,
GRME07,217,NA,NA,7/27/2023,2023,VS,1,Osmundastrum cinnamomea,,1,1,1,1,NA,NA,NA,,,,,,,,,,,,,,,,,,,,,,,
GRME04,222,NA,NA,7/27/2023,2023,VS,1,Picea rubens,,1,1,1,0,NA,NA,NA,,,,,,,,,,,,,,,,,,,,,,,
GRME04,222,NA,NA,7/27/2023,2023,VS,1,Pinus strobus,,0,1,1,1,NA,NA,NA,,,,,,,,,,,,,,,,,,,,,,,
GRME04,222,NA,NA,7/27/2023,2023,VS,1,Quercus rubra,,0,0,1,0,NA,NA,NA,,,,,,,,,,,,,,,,,,,,,,,
GRME04,222,NA,NA,7/27/2023,2023,VS,1,Rubus hispidus,,1,1,1,1,NA,NA,NA,,,,,,,,,,,,,,,,,,,,,,,
GRME04,222,NA,NA,7/27/2023,2023,VS,1,Rubus pubescens,,1,0,1,1,NA,NA,NA,,,,,,,,,,,,,,,,,,,,,,,
GRME04,222,NA,NA,7/27/2023,2023,VS,1,Scirpus cyperinus,,0,0,0,1,NA,NA,NA,,,,,,,,,,,,,,,,,,,,,,,
GRME04,222,NA,NA,7/27/2023,2023,VS,1,Thelypteris palustris,,0,0,1,0,NA,NA,NA,,,,,,,,,,,,,,,,,,,,,,,
GRME04,222,NA,NA,7/27/2023,2023,VS,1,Triadenum fraseri,,0,0,1,0,NA,NA,NA,,,,,,,,,,,,,,,,,,,,,,,
GRME04,222,NA,NA,7/27/2023,2023,VS,1,Vaccinium corymbosum,,1,1,1,1,NA,NA,NA,,,,,,,,,,,,,,,,,,,,,,,
GRME04,222,NA,NA,7/27/2023,2023,VS,1,Bryophytes,,1,1,1,1,NA,NA,NA,,,,,,,,,,,,,,,,,,,,,,,
GRME06,221,NA,NA,7/27/2023,2023,VS,1,Osmundastrum cinnamomea,,1,0,1,1,NA,NA,NA,,,,,,,,,,,,,,,,,,,,,,,
GRME04,222,NA,NA,7/27/2023,2023,VS,1,Osmundastrum cinnamomea,,1,1,1,1,NA,NA,NA,,,,,,,,,,,,,,,,,,,,,,,
GRME03,215,NA,NA,7/27/2023,2023,VS,1,Acer pensylvanicum,,0,0,1,0,NA,NA,NA,,,,,,,,,,,,,,,,,,,,,,,
GRME03,215,NA,NA,7/27/2023,2023,VS,1,Acer rubrum,,1,1,1,1,NA,NA,NA,,,,,,,,,,,,,,,,,,,,,,,
GRME03,215,NA,NA,7/27/2023,2023,VS,1,Betula papyrifera,,1,1,1,1,NA,NA,NA,,,,,,,,,,,,,,,,,,,,,,,
GRME03,215,NA,NA,7/27/2023,2023,VS,1,Betula populifolia,,1,1,0,0,NA,NA,NA,,,,,,,,,,,,,,,,,,,,,,,
GRME03,215,NA,NA,7/27/2023,2023,VS,1,Calamagrostis canadensis,,1,1,1,1,NA,NA,NA,,,,,,,,,,,,,,,,,,,,,,,
GRME03,215,NA,NA,7/27/2023,2023,VS,1,Carex brunnescens,,0,1,0,0,NA,NA,NA,,,,,,,,,,,,,,,,,,,,,,,
GRME03,215,NA,NA,7/27/2023,2023,VS,1,Carex debilis,,0,1,0,0,NA,NA,NA,,,,,,,,,,,,,,,,,,,,,,,
GRME03,215,NA,NA,7/27/2023,2023,VS,1,Carex stricta,,1,1,1,1,NA,NA,NA,,,,,,,,,,,,,,,,,,,,,,,
GRME03,215,NA,NA,7/27/2023,2023,VS,1,Doellingeria umbellata,,1,0,1,0,NA,NA,NA,,,,,,,,,,,,,,,,,,,,,,,
GRME03,215,NA,NA,7/27/2023,2023,VS,1,Dryopteris campyloptera,,1,1,0,0,NA,NA,NA,,,,,,,,,,,,,,,,,,,,,,,
GRME03,215,NA,NA,7/27/2023,2023,VS,1,Dryopteris cristata,,1,1,1,1,NA,NA,NA,,,,,,,,,,,,,,,,,,,,,,,
GRME03,215,NA,NA,7/27/2023,2023,VS,1,Frangula alnus,,1,1,1,1,NA,NA,NA,,,,,,,,,,,,,,,,,,,,,,,
GRME03,215,NA,NA,7/27/2023,2023,VS,1,Ilex mucronata,,0,0,0,1,NA,NA,NA,,,,,,,,,,,,,,,,,,,,,,,
GRME03,215,NA,NA,7/27/2023,2023,VS,1,Ilex verticillata,,1,1,1,1,NA,NA,NA,,,,,,,,,,,,,,,,,,,,,,,
GRME03,215,NA,NA,7/27/2023,2023,VS,1,Iris versicolor,,1,1,0,0,NA,NA,NA,,,,,,,,,,,,,,,,,,,,,,,
GRME03,215,NA,NA,7/27/2023,2023,VS,1,Lysimachia borealis,,1,1,1,1,NA,NA,NA,,,,,,,,,,,,,,,,,,,,,,,
GRME03,215,NA,NA,7/27/2023,2023,VS,1,Maianthemum canadense,,1,1,0,0,NA,NA,NA,,,,,,,,,,,,,,,,,,,,,,,
GRME03,215,NA,NA,7/27/2023,2023,VS,1,Osmunda regalis,,1,1,1,1,NA,NA,NA,,,,,,,,,,,,,,,,,,,,,,,
GRME03,215,NA,NA,7/27/2023,2023,VS,1,Osmundastrum cinnamomea,,1,1,1,1,NA,NA,NA,,,,,,,,,,,,,,,,,,,,,,,
GRME03,215,NA,NA,7/27/2023,2023,VS,1,Picea rubens,,1,0,0,1,NA,NA,NA,,,,,,,,,,,,,,,,,,,,,,,
GRME03,215,NA,NA,7/27/2023,2023,VS,1,Pinus strobus,,1,1,0,0,NA,NA,NA,,,,,,,,,,,,,,,,,,,,,,,
GRME03,215,NA,NA,7/27/2023,2023,VS,1,Quercus rubra,,0,0,1,1,NA,NA,NA,,,,,,,,,,,,,,,,,,,,,,,
GRME03,215,NA,NA,7/27/2023,2023,VS,1,Rubus canadensis,,1,1,1,0,NA,NA,NA,,,,,,,,,,,,,,,,,,,,,,,
GRME03,215,NA,NA,7/27/2023,2023,VS,1,Sorbus americana,,0,0,0,1,NA,NA,NA,,,,,,,,,,,,,,,,,,,,,,,
GRME03,215,NA,NA,7/27/2023,2023,VS,1,Thelypteris palustris,,1,0,1,1,NA,NA,NA,,,,,,,,,,,,,,,,,,,,,,,
GRME03,215,NA,NA,7/27/2023,2023,VS,1,Thuja occidentalis,,1,0,1,1,NA,NA,NA,,,,,,,,,,,,,,,,,,,,,,,
GRME03,215,NA,NA,7/27/2023,2023,VS,1,Tsuga canadensis,,1,0,0,0,NA,NA,NA,,,,,,,,,,,,,,,,,,,,,,,
GRME03,215,NA,NA,7/27/2023,2023,VS,1,Vaccinium corymbosum,,0,0,1,0,NA,NA,NA,,,,,,,,,,,,,,,,,,,,,,,
GRME03,215,NA,NA,7/27/2023,2023,VS,1,Bryophytes,,1,1,0,0,NA,NA,NA,,,,,,,,,,,,,,,,,,,,,,,
GRME02,223,NA,NA,7/25/2023,2023,VS,1,Osmundastrum cinnamomea,,1,0,0,1,NA,NA,NA,,,,,,,,,,,,,,,,,,,,,,,
GRME02,223,NA,NA,7/25/2023,2023,VS,1,Acer rubrum,,1,0,1,1,NA,NA,NA,,,,,,,,,,,,,,,,,,,,,,,
GRME02,223,NA,NA,7/25/2023,2023,VS,1,Alnus incana ssp. rugosa,,1,1,1,1,NA,NA,NA,,,,,,,,,,,,,,,,,,,,,,,
GRME02,223,NA,NA,7/25/2023,2023,VS,1,Betula populifolia,,1,0,0,1,NA,NA,NA,,,,,,,,,,,,,,,,,,,,,,,
GRME02,223,NA,NA,7/25/2023,2023,VS,1,Calamagrostis canadensis,,1,1,1,1,NA,NA,NA,,,,,,,,,,,,,,,,,,,,,,,
GRME02,223,NA,NA,7/25/2023,2023,VS,1,Carex brunnescens,,0,1,0,1,NA,NA,NA,,,,,,,,,,,,,,,,,,,,,,,
GRME02,223,NA,NA,7/25/2023,2023,VS,1,Carex lasiocarpa,,1,1,1,1,NA,NA,NA,,,,,,,,,,,,,,,,,,,,,,,
GRME02,223,NA,NA,7/25/2023,2023,VS,1,Carex stricta,,1,1,1,1,NA,NA,NA,,,,,,,,,,,,,,,,,,,,,,,
GRME02,223,NA,NA,7/25/2023,2023,VS,1,Carex utriculata,,0,0,0,1,NA,NA,NA,,,,,,,,,,,,,,,,,,,,,,,
GRME02,223,NA,NA,7/25/2023,2023,VS,1,Chamaedaphne calyculata,,0,1,0,1,NA,NA,NA,,,,,,,,,,,,,,,,,,,,,,,
GRME02,223,NA,NA,7/25/2023,2023,VS,1,Dryopteris cristata,,0,0,0,1,NA,NA,NA,,,,,,,,,,,,,,,,,,,,,,,
GRME02,223,NA,NA,7/25/2023,2023,VS,1,Frangula alnus,,0,0,1,1,NA,NA,NA,,,,,,,,,,,,,,,,,,,,,,,
GRME02,223,NA,NA,7/25/2023,2023,VS,1,Ilex mucronata,,0,1,0,0,NA,NA,NA,,,,,,,,,,,,,,,,,,,,,,,
GRME02,223,NA,NA,7/25/2023,2023,VS,1,Ilex verticillata,,1,0,0,0,NA,NA,NA,,,,,,,,,,,,,,,,,,,,,,,
GRME02,223,NA,NA,7/25/2023,2023,VS,1,Lysimachia terrestris,,0,1,1,1,NA,NA,NA,,,,,,,,,,,,,,,,,,,,,,,
GRME02,223,NA,NA,7/25/2023,2023,VS,1,Myrica gale,,1,1,1,1,NA,NA,NA,,,,,,,,,,,,,,,,,,,,,,,
GRME02,223,NA,NA,7/25/2023,2023,VS,1,Onoclea sensibilis,,0,0,0,1,NA,NA,NA,,,,,,,,,,,,,,,,,,,,,,,
GRME02,223,NA,NA,7/25/2023,2023,VS,1,Osmunda regalis,,1,0,0,1,NA,NA,NA,,,,,,,,,,,,,,,,,,,,,,,
GRME01,218,NA,NA,7/27/2023,2023,VS,1,Osmundastrum cinnamomea,,1,0,1,1,NA,NA,NA,,,,,,,,,,,,,,,,,,,,,,,
GRME02,223,NA,NA,7/25/2023,2023,VS,1,Salix bebbiana,,0,0,0,1,NA,NA,NA,,,,,,,,,,,,,,,,,,,,,,,
GRME02,223,NA,NA,7/25/2023,2023,VS,1,Salix petiolaris,,1,1,1,1,NA,NA,NA,,,,,,,,,,,,,,,,,,,,,,,
GRME02,223,NA,NA,7/25/2023,2023,VS,1,Scirpus atrocinctus,,1,0,0,0,NA,NA,NA,,,,,,,,,,,,,,,,,,,,,,,
GRME02,223,NA,NA,7/25/2023,2023,VS,1,Spiraea alba,,1,1,1,1,NA,NA,NA,,,,,,,,,,,,,,,,,,,,,,,
GRME02,223,NA,NA,7/25/2023,2023,VS,1,Thelypteris palustris,,0,0,0,1,NA,NA,NA,,,,,,,,,,,,,,,,,,,,,,,
GRME02,223,NA,NA,7/25/2023,2023,VS,1,Triadenum fraseri,,1,0,0,1,NA,NA,NA,,,,,,,,,,,,,,,,,,,,,,,
GRME02,223,NA,NA,7/25/2023,2023,VS,1,Typha latifolia,,1,1,1,1,NA,NA,NA,,,,,,,,,,,,,,,,,,,,,,,
GRME02,223,NA,NA,7/25/2023,2023,VS,1,Vaccinium corymbosum,,1,0,0,0,NA,NA,NA,,,,,,,,,,,,,,,,,,,,,,,
GRME02,223,NA,NA,7/25/2023,2023,VS,1,Bryophytes,,0,0,0,1,NA,NA,NA,,,,,,,,,,,,,,,,,,,,,,,
GRME10,220,NA,NA,7/25/2023,2023,VS,1,Utricularia vulgaris,,1,1,1,1,NA,NA,NA,,,,,,,,,,,,,,,,,,,,,,,
GRME08,214,NA,NA,7/25/2023,2023,VS,1,Utricularia vulgaris,,0,1,1,1,NA,NA,NA,,,,,,,,,,,,,,,,,,,,,,,
GRME05,219,NA,NA,7/25/2023,2023,VS,1,Utricularia vulgaris,,0,1,1,1,NA,NA,NA,,,,,,,,,,,,,,,,,,,,,,,
GRME01,218,NA,NA,7/27/2023,2023,VS,1,Acer rubrum,,1,1,1,1,NA,NA,NA,,,,,,,,,,,,,,,,,,,,,,,
GRME01,218,NA,NA,7/27/2023,2023,VS,1,Alnus incana ssp. rugosa,,1,1,1,0,NA,NA,NA,,,,,,,,,,,,,,,,,,,,,,,
GRME01,218,NA,NA,7/27/2023,2023,VS,1,Betula populifolia,,0,0,1,1,NA,NA,NA,,,,,,,,,,,,,,,,,,,,,,,
GRME01,218,NA,NA,7/27/2023,2023,VS,1,Calamagrostis canadensis,,1,1,1,1,NA,NA,NA,,,,,,,,,,,,,,,,,,,,,,,
GRME01,218,NA,NA,7/27/2023,2023,VS,1,Carex atlantica,,0,1,0,0,NA,NA,NA,,,,,,,,,,,,,,,,,,,,,,,
GRME01,218,NA,NA,7/27/2023,2023,VS,1,Carex lacustris,,0,1,0,0,NA,NA,NA,,,,,,,,,,,,,,,,,,,,,,,
GRME01,218,NA,NA,7/27/2023,2023,VS,1,Carex stricta,,1,1,1,1,NA,NA,NA,,,,,,,,,,,,,,,,,,,,,,,
GRME01,218,NA,NA,7/27/2023,2023,VS,1,Dulichium arundinaceum,,0,1,0,0,NA,NA,NA,,,,,,,,,,,,,,,,,,,,,,,
GRME01,218,NA,NA,7/27/2023,2023,VS,1,Frangula alnus,,0,1,0,0,NA,NA,NA,,,,,,,,,,,,,,,,,,,,,,,
GRME01,218,NA,NA,7/27/2023,2023,VS,1,Glyceria canadensis,,0,1,1,0,NA,NA,NA,,,,,,,,,,,,,,,,,,,,,,,
GRME01,218,NA,NA,7/27/2023,2023,VS,1,Ilex verticillata,,0,0,1,1,NA,NA,NA,,,,,,,,,,,,,,,,,,,,,,,
GRME01,218,NA,NA,7/27/2023,2023,VS,1,Iris versicolor,,0,1,0,0,NA,NA,NA,,,,,,,,,,,,,,,,,,,,,,,
GRME01,218,NA,NA,7/27/2023,2023,VS,1,Juncus pylaei,,1,0,0,0,NA,NA,NA,,,,,,,,,,,,,,,,,,,,,,,
GRME01,218,NA,NA,7/27/2023,2023,VS,1,Myrica gale,,1,1,1,1,NA,NA,NA,,,,,,,,,,,,,,,,,,,,,,,
GRME01,218,NA,NA,7/27/2023,2023,VS,1,Osmunda regalis,,1,1,1,0,NA,NA,NA,,,,,,,,,,,,,,,,,,,,,,,
GRME02,223,NA,NA,7/25/2023,2023,VS,1,Utricularia vulgaris,,0,1,0,0,NA,NA,NA,,,,,,,,,,,,,,,,,,,,,,,
GRME01,218,NA,NA,7/27/2023,2023,VS,1,Spiraea alba,,1,0,1,0,NA,NA,NA,,,,,,,,,,,,,,,,,,,,,,,
GRME01,218,NA,NA,7/27/2023,2023,VS,1,Thelypteris palustris,,0,1,1,0,NA,NA,NA,,,,,,,,,,,,,,,,,,,,,,,